CORE_ID,dataset,Latitude,Longitude,Year,PROV_TERR,CWCS_CLASS,ORG_DEPTH,PERMAFROST,Org_C_MGHA,n_samples,Total_depth_cm,Total_C_MgCha,mean_BDOD,mean_TOTC_pct,mean_OrgC_pct
1,Peat Database,54.82,-102.02,1970,SK,bog,338,Y,1968.1,7,338,1968.1,0.12633333333333333,47.64333333333333,47.64333333333333
2,Peat Database,54.87,-102.08,1970,SK,bog,178,Y,865.9,6,178,865.8,0.1008,49.13,49.13
3,Peat Database,54.87,-102.08,1970,SK,bog,218,Y,1019.6,6,218,1019.7,0.1018,47.368,47.368
4,Peat Database,54.95,-102.73,1970,SK,bog,71,Y,309.1,5,71,309.2,0.0925,48.275,48.275
5,Peat Database,55.12,-102.87,1970,SK,bog,292,Y,1435.2,5,292,1435.1,0.10725,45.885,45.885
6,Peat Database,55.13,-102.87,1970,SK,bog,351,Y,1680.9,4,351,1681,0.09999999999999999,46.946666666666665,46.946666666666665
7,Peat Database,55.2,-102.92,1970,SK,bog,259,Y,1291.6,4,259,1291.6000000000001,0.10066666666666667,47.39666666666667,47.39666666666667
8,Peat Database,54.72,-102,1970,SK,bog,511,Y,2486.1,5,511,2486.1,0.107,46.8375,46.8375
9,Peat Database,54.72,-102.07,1970,SK,bog,328,Y,1720.7,5,328,1720.7,0.11925,46.705,46.705
10,Peat Database,54.73,-102.07,1970,SK,bog,223,Y,1151,6,223,1151.1,0.1066,48.474,48.474
11,Peat Database,54.73,-101.83,1970,MB,bog,455,Y,2388,5,455,2387.9,0.11875000000000001,46.55,46.55
12,Peat Database,54.6,-102,1970,SK,bog,339,Y,1529.3,6,339,1529.3,0.0914,48.546,48.546
13,Peat Database,54.78,-102.47,1970,SK,bog,190,Y,822.9,6,190,822.9,0.0946,47.282,47.282
14,Peat Database,54.85,-102.5,1970,SK,bog,178,Y,867.7,6,178,867.7,0.1014,47.66,47.66
15,Peat Database,54.75,-101.73,1970,MB,bog,221,Y,1062.7,5,221,1062.7,0.1145,46.2875,46.2875
16,Peat Database,54.32,-102.12,1970,SK,bog,157,Y,781.9,4,157,782,0.11599999999999999,45.9,45.9
17,Peat Database,54.32,-102.42,1970,SK,bog,292,Y,1272,6,292,1272.2,0.10200000000000001,46.812,46.812
18,Peat Database,54.15,-103.55,1970,SK,bog,290,Y,1319.2,5,290,1319.3,0.10725,47.2775,47.2775
19,Peat Database,54.63,-101.38,1970,MB,bog,475,Y,2099.7,6,475,2099.7,0.0976,46.272,46.272
20,Peat Database,54.7,-101.78,1970,MB,bog,206,Y,847.4,6,206,847.4,0.0878,47.846000000000004,47.846000000000004
21,Peat Database,54.43,-101.38,1970,MB,bog,196,Y,1019.9,6,196,1020,0.1064,47.564,47.564
22,Peat Database,54.27,-101.4,1970,MB,bog,86,Y,284.5,7,86,284.5,0.07516666666666666,48.66,48.66
23,Peat Database,54.42,-101.37,1970,MB,bog,226,Y,1183.2,5,319,1490.8999999999999,0.3142,34.884,34.884
24,Peat Database,54.45,-101.25,1970,MB,bog,84,Y,388.5,5,84,388.5,0.0955,48.955,48.955
25,Peat Database,54.52,-99.53,1970,MB,bog,182,Y,974.3,5,182,974.3,0.10675,46.8625,46.8625
26,Peat Database,54.62,-99.37,1970,MB,bog,155,Y,581.3,5,155,581.3,0.08299999999999999,48.207499999999996,48.207499999999996
27,Peat Database,55.5,-98.12,1970,MB,bog,546,Y,1674.4,8,546,1674.5,0.08057142857142857,47.17285714285714,47.17285714285714
28,Peat Database,55.4,-98.28,1970,MB,bog,249,Y,1262.1,5,249,1262,0.09325,47.0975,47.0975
29,Peat Database,54.6,-100.83,1970,MB,bog,229,Y,1230.9,6,229,1230.9,0.1076,47.156,47.156
30,Peat Database,54.6,-100.82,1970,MB,bog,277,Y,937.7,6,277,937.7,0.0882,48.016,48.016
31,Peat Database,54.57,-101.37,1970,MB,bog,277,Y,1304.5,5,277,1304.4,0.09925,47.215,47.215
32,Peat Database,54.63,-101.58,1970,MB,bog,468,Y,2067.2,5,468,2067.2999999999997,0.09775,47.725,47.725
33,Peat Database,65.62,-129.27,1971,NT,bog,130,Y,414.2,7,150,414.1,0.0714,47.49,47.49
34,Peat Database,65.62,-129.25,1971,NT,bog,337,Y,1552.6,13,337,1552.4,0.08833333333333333,47.8375,47.8375
35,Peat Database,65.62,-129.25,1971,NT,bog,264,Y,1367.6,11,264,1367.7,0.1079,46.833,46.833
36,Peat Database,65.62,-129.25,1971,NT,bog,334,N,1601.7,3,334,1601.7,0.0875,48.39,48.39
37,Peat Database,64.63,-128.92,1971,NT,bog,270,Y,1101.8,8,270,1101.8,0.07471428571428572,49.754285714285714,49.754285714285714
38,Peat Database,66.12,-129.52,1971,NT,bog,127,Y,734.9,7,127,735,0.11816666666666667,46.736666666666665,46.736666666666665
39,Peat Database,66.1,-128.35,1971,NT,bog,177,Y,1176.3,8,181,1189.5,0.2305,41.14,41.14
40,Peat Database,66.1,-128.35,1971,NT,bog,168,Y,1340.2,11,172,1353.4,0.21763636363636363,43.81727272727273,43.81727272727273
41,Peat Database,66.1,-128.35,1971,NT,bog,180,N,884.8,3,180,884.8000000000001,0.097,47.685,47.685
42,Peat Database,66.1,-128.35,1971,NT,bog,178,Y,987.7,9,182,1000.9,0.19711111111111113,42.51,42.51
43,Peat Database,66.1,-128.35,1971,NT,fen,165,N,724.6,3,165,724.6,0.08449999999999999,48.599999999999994,48.599999999999994
44,Peat Database,65.93,-129.83,1971,NT,fen,345,N,1195.5,4,345,1195.5,0.06066666666666667,48.49333333333333,48.49333333333333
45,Peat Database,65.93,-129.83,1971,NT,bog,335,Y,1161.9,12,335,1161.8,0.0883,48.469,48.469
46,Peat Database,65.93,-129.75,1971,NT,bog,239,Y,1048.6,12,239,1048.6,0.0937,48.863,48.863
47,Peat Database,66.3,-128.38,1971,NT,bog,102,Y,534,6,102,534,0.0978,49.768,49.768
48,Peat Database,66.3,-128.42,1971,NT,bog,208,Y,2111.2,8,208,2111.1,0.18928571428571428,41.79714285714286,41.79714285714286
49,Peat Database,66.3,-128.42,1971,NT,bog,94,Y,871.8,6,142,1051.6000000000001,0.2444,37.824,37.824
50,Peat Database,66.3,-128.42,1971,NT,bog,104,Y,1092.7,6,104,1092.7,0.1858,42.918,42.918
51,Peat Database,67.62,-133.25,1971,NT,bog,348,Y,1927.2,13,348,1927.2,0.15883333333333333,38.833333333333336,38.833333333333336
52,Peat Database,67.62,-133.25,1971,NT,bog,315,Y,1463.4,14,315,1463.6,0.13130769230769232,39.04153846153846,39.04153846153846
53,Peat Database,67.62,-133.25,1971,NT,bog,353,Y,1409.2,14,356,1420.8,0.112,45.00714285714286,45.00714285714286
54,Peat Database,67.62,-133.25,1971,NT,bog,356,Y,1829.5,12,356,1829.4,0.11236363636363636,46.15909090909091,46.15909090909091
55,Peat Database,67.53,-134.2,1971,NT,bog,199,Y,1077.8,9,199,1077.8,0.134625,39.66625,39.66625
56,Peat Database,67.65,-133.67,1971,NT,bog,196,Y,771.5,12,203,787.2,0.10250000000000001,44.64,44.64
57,Peat Database,67.65,-133.67,1971,NT,bog,109,Y,303.6,7,155,303.6,0.05483333333333333,50.17333333333333,50.17333333333333
58,Peat Database,67.65,-133.67,1971,NT,bog,183,Y,665.8,11,183,665.9,0.0763,49.365,49.365
59,Peat Database,67.65,-133.67,1971,NT,bog,338,Y,1934.6,18,338,1934.5,0.13870588235294118,44.07588235294118,44.07588235294118
60,Peat Database,67.65,-133.67,1971,NT,bog,195,Y,447.3,10,195,447.4,0.083125,44.4425,44.4425
61,Peat Database,67.45,-133.78,1971,NT,fen,66,Y,449.7,5,71,466.3,0.3086,34.1,34.1
62,Peat Database,67.45,-133.78,1971,NT,bog,142,Y,754.6,8,142,754.5,0.14742857142857144,40.94857142857143,40.94857142857143
63,Peat Database,67.45,-133.78,1971,NT,bog,193,Y,1091.8,10,193,1091.9,0.15655555555555556,41.06444444444445,41.06444444444445
64,Peat Database,67.77,-131.93,1971,NT,bog,180,Y,838.5,9,180,838.5,0.108625,46.2175,46.2175
65,Peat Database,67.77,-131.93,1971,NT,bog,196,Y,763.9,12,196,763.8,0.08754545454545455,45.301818181818184,45.301818181818184
66,Peat Database,67.77,-131.93,1971,NT,bog,114,Y,767.7,8,114,767.7,0.153,42.46142857142857,42.46142857142857
67,Peat Database,67.68,-132.08,1971,NT,bog,305,Y,1306.2,15,305,1329.6,0.1215,41.45285714285714,41.45285714285714
68,Peat Database,67.68,-132.08,1971,NT,bog,84,Y,443.2,7,211,443.2,0.10439999999999999,45.382,45.382
69,Peat Database,67.68,-132.08,1971,NT,bog,130,Y,419,11,302,435.3,0.08428571428571428,44.16,44.16
70,Peat Database,67.68,-132.08,1971,NT,bog,102,Y,318.5,7,265,318.5,0.0666,48.39,48.39
71,Peat Database,67.1,-134.28,1971,NT,bog,323,Y,1119.6,15,323,1119.7,0.08278571428571428,42.75785714285714,42.75785714285714
72,Peat Database,67.1,-134.28,1971,NT,bog,259,Y,846.7,4,259,846.8,0.06733333333333333,48.51,48.51
73,Peat Database,67.1,-134.28,1971,NT,bog,305,Y,1117.8,14,305,1117.8,0.07430769230769231,46.574615384615385,46.574615384615385
74,Peat Database,67.1,-134.28,1971,NT,bog,107,Y,853.6,6,107,853.5,0.1496,45.81,45.81
75,Peat Database,67.1,-134.28,1971,NT,fen,188,N,940.7,3,188,940.8,0.1005,46.485,46.485
76,Peat Database,67.1,-134.28,1971,NT,bog,282,Y,1466.7,13,282,1466.7,0.107,46.67916666666667,46.67916666666667
77,Peat Database,67.1,-134.28,1971,NT,bog,178,Y,906.1,7,178,906.2,0.10666666666666666,46.781666666666666,46.781666666666666
78,Peat Database,67.27,-135.52,1971,NT,bog,236,Y,1174.4,15,236,1174.4,0.11264285714285714,46.42142857142857,46.42142857142857
79,Peat Database,67.27,-135.52,1971,NT,bog,193,Y,999.7,10,193,999.8,0.10755555555555556,48.336666666666666,48.336666666666666
80,Peat Database,66.77,-133.73,1971,NT,bog,183,Y,488.2,10,183,488.2,0.06411111111111112,47.12111111111111,47.12111111111111
81,Peat Database,66.77,-133.73,1971,NT,bog,219,Y,990,12,219,990.1,0.10854545454545454,44.25818181818182,44.25818181818182
82,Peat Database,66.77,-133.73,1971,NT,bog,198,Y,572.9,9,198,572.9,0.06862499999999999,46.75875,46.75875
83,Peat Database,66.77,-133.73,1971,NT,bog,213,Y,1101.2,12,213,1101.1,0.12072727272727272,45.304545454545455,45.304545454545455
84,Peat Database,66.77,-133.73,1971,NT,bog,307,Y,1088.4,12,307,1088.4,0.07654545454545454,44.99636363636363,44.99636363636363
85,Peat Database,66.67,-132.7,1971,NT,bog,204,Y,708.2,10,231,754,0.08933333333333333,40.723333333333336,40.723333333333336
86,Peat Database,66.67,-132.7,1971,NT,bog,150,Y,744.3,8,158,763.8000000000001,0.10142857142857142,44.10285714285715,44.10285714285715
87,Peat Database,66.67,-132.7,1971,NT,bog,191,Y,508.5,9,191,508.4,0.049375,46.30875,46.30875
88,Peat Database,66.67,-132.7,1971,NT,bog,155,Y,696.2,8,155,696.3,0.11657142857142858,46.605714285714285,46.605714285714285
89,Peat Database,66.6,-133.43,1971,NT,bog,350,Y,869.3,18,350,869.1999999999999,0.0611875,46.13875,46.13875
90,Peat Database,66.6,-133.43,1971,NT,bog,320,Y,1062.6,15,320,1062.8,0.07057142857142858,46.831428571428575,46.831428571428575
91,Peat Database,67.33,-134.6,1971,NT,bog,137,Y,490.6,7,137,490.7,0.12116666666666667,34.29666666666667,34.29666666666667
92,Peat Database,67.18,-134.55,1971,NT,fen,142,Y,714.8,7,142,714.9,0.122,43.718333333333334,43.718333333333334
93,Peat Database,66.52,-134.2,1972,YT,bog,182,Y,281.5,15,182,281.5,0.03230769230769231,47.956153846153846,47.956153846153846
94,Peat Database,66.75,-135.37,1972,YT,bog,242,Y,610.3,14,242,610.6,0.05938461538461538,45.33692307692308,45.33692307692308
95,Peat Database,66.82,-135.35,1972,YT,bog,466,Y,1377.9,22,466,1378,0.060571428571428575,49.31095238095238,49.31095238095238
96,Peat Database,66.82,-135.35,1972,YT,bog,126,Y,575.4,9,131,601.1,0.1478888888888889,43.18666666666667,43.18666666666667
97,Peat Database,66.82,-135.35,1972,YT,bog,236,Y,536.7,15,242,552.8,0.0798,42.955333333333336,42.955333333333336
98,Peat Database,66.82,-135.35,1972,YT,bog,130,Y,323.7,13,183,342.8,0.11725,44.81666666666666,44.81666666666666
99,Peat Database,65.8,-134.95,1972,YT,bog,274,Y,821.9,15,274,822,0.08384615384615385,40.856153846153845,40.856153846153845
100,Peat Database,65.8,-134.95,1972,YT,bog,340,Y,1194,16,340,1194.1,0.0973125,41.483125,41.483125
101,Peat Database,66.17,-134.68,1972,YT,bog,230,Y,1235,8,230,1235.1,0.10628571428571429,48.50857142857143,48.50857142857143
102,Peat Database,65.62,-134.3,1972,YT,bog,146,Y,984.8,11,171,1136.5,0.31981818181818183,36.31909090909091,36.31909090909091
103,Peat Database,65.62,-134.3,1972,YT,fen,198,Y,727.1,5,203,764.1,0.352,40.454,40.454
104,Peat Database,65.62,-134.3,1972,YT,bog,105,Y,573.9,8,110,592.9,0.25575000000000003,39.25375,39.25375
105,Peat Database,65.62,-134.3,1972,YT,bog,121,Y,544.2,10,143,664.5,0.29000000000000004,35.856,35.856
106,Peat Database,65.62,-134.3,1972,YT,fen,192,Y,877.5,4,197,910.7,0.26775,38.824999999999996,38.824999999999996
107,Peat Database,65.53,-134.75,1972,YT,bog,301,Y,929.3,15,301,929.4,0.07685714285714286,48.30357142857143,48.30357142857143
108,Peat Database,65.53,-134.75,1972,YT,fen,299,Y,1122.2,4,299,1122.2,0.07666666666666666,47.85333333333333,47.85333333333333
109,Peat Database,65.53,-134.75,1972,YT,bog,242,Y,955.7,12,253,998,0.10763636363636364,45.57090909090909,45.57090909090909
110,Peat Database,65.53,-134.75,1972,YT,bog,137,Y,725.5,8,140,732.3,0.25387499999999996,37.464999999999996,37.464999999999996
111,Peat Database,65.53,-134.75,1972,YT,bog,137,Y,814.3,7,137,814.1999999999999,0.12616666666666665,46.196666666666665,46.196666666666665
112,Peat Database,66.05,-133.15,1972,NT,bog,158,Y,579.4,8,164,593.1,0.10775,42.17125,42.17125
113,Peat Database,65.92,-133,1972,NT,bog,302,Y,1210.6,13,348,1362.6,0.13646153846153847,38.27384615384615,38.27384615384615
114,Peat Database,65.92,-133,1972,NT,fen,278,N,1451.2,3,282,1470.8,0.4746666666666667,33.236666666666665,33.236666666666665
115,Peat Database,65.92,-133,1972,NT,bog,381,Y,1813.9,7,381,1813.8,0.08216666666666667,49.14833333333333,49.14833333333333
116,Peat Database,65.92,-133,1972,NT,bog,333,Y,1385.1,12,357,1483.1,0.17541666666666667,41.725833333333334,41.725833333333334
117,Peat Database,65.92,-133,1972,NT,bog,287,Y,1548.8,7,287,1548.8,0.108,48.538333333333334,48.538333333333334
118,Peat Database,66.43,-137.43,1972,YT,bog,176,Y,773.2,9,180,793.3,0.13877777777777778,44.861111111111114,44.861111111111114
119,Peat Database,67.13,-137.43,1972,YT,bog,367,Y,1106.1,18,367,1106.2,0.0909375,38.873125,38.873125
120,Peat Database,67.13,-137.43,1972,YT,bog,328,Y,1310.4,16,328,1310.3,0.09493333333333333,42.73533333333334,42.73533333333334
121,Peat Database,67.08,-137.28,1972,YT,bog,177,Y,959.3,18,300,1793.5,0.2437777777777778,34.55833333333333,34.55833333333333
122,Peat Database,67.08,-137.28,1972,YT,bog,161,Y,671.1,10,161,671.3,0.1303,45.094,45.094
123,Peat Database,67.13,-137.43,1972,YT,bog,371,Y,1243.6,26,377,1262.2,0.1028,47.6716,47.6716
124,Peat Database,67.13,-137.43,1972,YT,bog,243,Y,1005.3,17,247,1017.9,0.11205882352941177,46.70117647058824,46.70117647058824
125,Peat Database,67.13,-137.43,1972,YT,bog,344,Y,1334.6,25,372,1477.7,0.1186,45.402,45.402
126,Peat Database,67.13,-137.43,1972,YT,bog,401,Y,2299.8,22,401,2299.8,0.11735,50.16,50.16
127,Peat Database,67.12,-137.22,1972,YT,bog,172,Y,1237.5,14,185,1288.5,0.38869230769230767,27.943076923076923,27.943076923076923
128,Peat Database,67.12,-137.22,1972,YT,bog,76,Y,455.4,6,98,610.7,0.38333333333333336,33.861666666666665,33.861666666666665
129,Peat Database,67.12,-137.22,1972,YT,bog,283,Y,1189.8,19,287,1204,0.10347368421052631,45.468947368421055,45.468947368421055
130,Peat Database,67.12,-137.22,1972,YT,bog,139,Y,565.4,11,145,572.1,0.10063636363636363,45.126363636363635,45.126363636363635
131,Peat Database,67.13,-137.43,1972,YT,bog,364,Y,961.6,24,375,996.3000000000001,0.081,47.875,47.875
132,Peat Database,67.92,-139.42,1972,YT,fen,62,Y,341.7,6,62,341.7,0.1348,42.304,42.304
133,Peat Database,67.92,-139.42,1972,YT,fen,52,Y,155.9,4,64,200.2,0.32625,28.0575,28.0575
134,Peat Database,67.92,-139.42,1972,YT,fen,68,Y,224.9,5,72,238.1,0.2362,38.434,38.434
135,Peat Database,67.92,-139.42,1972,YT,fen,75,Y,583.1,6,194,583,0.3918,31.892,31.892
136,Peat Database,67.92,-139.42,1972,YT,fen,114,Y,643.4,7,119,659.8,0.443,18.497142857142858,18.497142857142858
137,Peat Database,67.92,-139.42,1972,YT,fen,77,Y,404.1,4,81,417.3,0.34375,29.7425,29.7425
138,Peat Database,67.92,-139.42,1972,YT,bog,267,Y,1340.4,22,285,1454.1,0.14195454545454544,42.68681818181818,42.68681818181818
139,Peat Database,67.92,-139.42,1972,YT,bog,67,Y,392.9,6,88,392.9,0.13624999999999998,44.5525,44.5525
140,Peat Database,67.9,-140.2,1972,YT,bog,128,Y,525.7,9,136,549.5,0.10500000000000001,45.66444444444444,45.66444444444444
141,Peat Database,67.9,-140.2,1972,YT,bog,52,Y,141.5,4,69,141.5,0.058666666666666666,49.156666666666666,49.156666666666666
142,Peat Database,67.9,-140.2,1972,YT,bog,133,Y,580.2,9,140,608.3,0.108,45.90777777777778,45.90777777777778
143,Peat Database,61.43,-121.28,1973,NT,fen,144,Y,767.9,10,185,1031.8,0.23433333333333334,36.33555555555556,36.33555555555556
144,Peat Database,62.13,-120.97,1973,NT,bog,301,Y,836.3,16,305,844.6,0.0965,40.82142857142857,40.82142857142857
145,Peat Database,62.13,-120.97,1973,NT,fen,260,Y,916.5,7,272,1017.1,0.174,34.876666666666665,34.876666666666665
146,Peat Database,65.27,-125.5,1973,NT,bog,181,Y,879,14,190,914.3,0.15042857142857144,43.04,43.04
147,Peat Database,65.27,-125.5,1973,NT,bog,218,Y,1374.1,19,226,1417,0.20857894736842106,41.33157894736842,41.33157894736842
148,Peat Database,65.27,-125.5,1973,NT,bog,211,Y,948.3,19,214,959.6,0.13431578947368422,46.48789473684211,46.48789473684211
149,Peat Database,65.43,-125.5,1973,NT,fen,146,Y,803.7,6,146,803.5999999999999,0.0968,50.49,50.49
150,Peat Database,65.43,-125.5,1973,NT,bog,238,Y,1171.2,21,245,1195.9,0.12557142857142858,46.915238095238095,46.915238095238095
151,Peat Database,65.38,-126.37,1973,NT,bog,60,Y,423.7,7,95,485.8,0.1687142857142857,37.52285714285714,37.52285714285714
152,Peat Database,65.38,-126.37,1973,NT,bog,62,Y,439.5,6,83,571.4,0.3006666666666667,35.22666666666667,35.22666666666667
153,Peat Database,65.38,-126.37,1973,NT,fen,71,Y,439,5,71,439,0.12075,47.595,47.595
154,Peat Database,65.38,-126.37,1973,NT,bog,105,Y,781.8,9,105,781.7,0.22444444444444445,31.461111111111112,31.461111111111112
155,Peat Database,65.38,-126.37,1973,NT,bog,95,Y,647.2,7,95,647.2,0.2247142857142857,30.61,30.61
156,Peat Database,65.25,-127.3,1973,NT,bog,277,Y,987.7,22,284,1039,0.10163636363636364,45.93409090909091,45.93409090909091
157,Peat Database,65.25,-127.3,1973,NT,fen,315,Y,1419.2,4,315,1419.1999999999998,0.09066666666666666,48.336666666666666,48.336666666666666
158,Peat Database,65.25,-127.3,1973,NT,bog,198,Y,861.1,16,198,861.1,0.10453333333333334,43.64933333333333,43.64933333333333
159,Peat Database,65.55,-128.85,1973,NT,bog,174,Y,643.7,13,185,724.9,0.14969230769230768,42.887692307692305,42.887692307692305
160,Peat Database,65.55,-128.85,1973,NT,fen,260,N,1046.7,3,260,1046.7,0.078,47.555,47.555
161,Peat Database,65.3,-127.6,1973,NT,bog,184,Y,1088.5,17,190,1115.2,0.14605882352941177,45.938235294117646,45.938235294117646
162,Peat Database,65.3,-127.6,1973,NT,bog,209,Y,1082,16,215,1107.1,0.17875,45.35125,45.35125
163,Peat Database,65.3,-127.6,1973,NT,fen,270,Y,1392.2,3,275,1408.6000000000001,0.359,33.42666666666667,33.42666666666667
164,Peat Database,68.42,-132.5,1973,NT,fen,60,Y,303.8,7,171,303.9,0.10483333333333333,50.13,50.13
165,Peat Database,68.42,-132.5,1973,NT,fen,106,Y,413,11,110,418.8,0.09818181818181819,42.738181818181815,42.738181818181815
166,Peat Database,69.35,-139.25,1973,YT,bog,212,Y,990.2,23,277,1185.2,0.20427272727272727,21.588181818181816,21.588181818181816
167,Peat Database,68.47,-133,1973,NT,bog,263,Y,1438.9,21,263,1438.6,0.11885,46.0205,46.0205
168,Peat Database,67.65,-133.63,1973,NT,bog,370,Y,1559.8,33,370,1559.9,0.09635483870967743,47.38,47.38
169,Peat Database,67.65,-133.63,1973,NT,bog,60,Y,200.8,6,65,200.8,0.0686,51.02,51.02
170,Peat Database,67.65,-133.63,1973,NT,bog,345,Y,1404.3,20,345,1404.1,0.08252631578947368,49.56315789473684,49.56315789473684
171,Peat Database,68.67,-132.85,1973,NT,fen,210,Y,854.1,17,223,904.2,0.11352941176470588,45.667058823529416,45.667058823529416
172,Peat Database,68.67,-132.85,1973,NT,fen,85,Y,265.7,6,90,284.9,0.14466666666666667,42.02166666666667,42.02166666666667
173,Peat Database,68.67,-132.85,1973,NT,bog,130,Y,653.8,11,142,694.1,0.17727272727272728,44.70363636363636,44.70363636363636
174,Peat Database,68.67,-132.85,1973,NT,bog,180,Y,720.2,16,185,728.6,0.10625,46.435,46.435
175,Peat Database,69.93,-131.3,1973,NT,bog,160,Y,921.6,16,180,1013.8,0.222875,36.663125,36.663125
176,Peat Database,69.55,-131.58,1973,NT,bog,220,Y,1446.1,16,220,1446.2,0.2215625,30.488125,30.488125
177,Peat Database,69.28,-134.4,1973,NT,bog,302,Y,1563.6,21,310,1630.2,0.14704761904761904,42.05285714285714,42.05285714285714
178,Peat Database,69.37,-133.07,1973,NT,bog,303,Y,1926.2,26,310,1968.7,0.2882692307692308,23.056538461538462,23.056538461538462
179,Peat Database,68.97,-133.8,1973,NT,fen,77,Y,378.4,3,80,391.2,0.16666666666666666,36.20666666666666,36.20666666666666
180,Peat Database,74.02,-94.45,1975,NU,bog,111,Y,558.9,8,111,559,0.113,45.46714285714286,45.46714285714286
181,Peat Database,63.65,-95.83,1976,NU,bog,125,Y,1035.2,13,125,1035.3,0.20941666666666667,35.873333333333335,35.873333333333335
182,Peat Database,60.58,-96.97,1977,NU,bog,164,Y,807.3,14,164,807.1,0.09692307692307692,50.621538461538464,50.621538461538464
183,Peat Database,61.63,-97.2,1977,NU,bog,163,Y,1070.4,18,184,1235.4,0.22829411764705884,41.41647058823529,41.41647058823529
184,Peat Database,52.45,-115.02,1981,AB,fen,253,N,1292.9,18,253,1352.3,0.17200000000000001,34.45235294117647,33.54941176470588
185,Peat Database,52.45,-115.02,1981,AB,fen,258,N,1156.9,20,262,1177.8,0.1869,27.0855,26.698999999999998
186,Peat Database,52.45,-115.02,1981,AB,fen,255,N,1259.5,24,260,1313.8,0.19879166666666667,32.97,32.97
187,Peat Database,52.45,-115,1981,AB,fen,282,N,1388.7,25,331,1632.1,0.19432,38.2692,38.2692
188,Peat Database,52.45,-115,1981,AB,fen,273,N,1061.1,19,291,1227.6,0.19336842105263158,31.222105263157896,30.713684210526317
189,Peat Database,52.47,-115,1981,AB,fen,408,N,1566.9,24,408,1732.9,0.11147826086956522,40.805217391304346,40.805217391304346
190,Peat Database,52.47,-115,1981,AB,bog,418,N,1733.4,30,418,1926.4,0.114,42.214137931034486,42.214137931034486
191,Peat Database,52.47,-115,1981,AB,bog,348,N,1669.3,24,356,1693.5,0.158375,41.00083333333333,41.00083333333333
192,Peat Database,52.45,-115,1981,AB,fen,64,N,244,6,64,244.1,0.0944,43.714,43.714
193,Peat Database,52.45,-115,1981,AB,fen,181,N,626.5,13,188,653.9,0.20646153846153847,37.62230769230769,37.69307692307692
194,Peat Database,52.55,-115.17,1981,AB,fen,225,N,1488.9,15,225,1488.9,0.1412,45.178,45.108666666666664
195,Peat Database,52.45,-115.2,1981,AB,fen,340,N,1797.3,24,377,1933.6,0.17095652173913042,41.31695652173913,40.92913043478261
196,Peat Database,52.45,-115.2,1981,AB,fen,322,N,1386.4,18,357,1603,0.14005882352941176,41.72764705882353,41.72764705882353
197,Peat Database,52.35,-115.28,1981,AB,fen,356,N,2507.1,21,356,2507.1,0.1799,38.7995,38.7995
198,Peat Database,52.35,-115.28,1981,AB,fen,331,N,1664.9,20,338,1702,0.13745,42.142,42.142
199,Peat Database,52.85,-116.47,1981,AB,fen,370,N,2340.9,23,382,2393.9,0.15869565217391304,43.280434782608694,43.076521739130435
200,Peat Database,53.52,-116.53,1981,AB,fen,330,N,2017.7,21,338,2039,0.1630952380952381,44.43714285714286,44.43714285714286
201,Peat Database,53.52,-116.53,1981,AB,fen,298,N,1734.9,18,298,1735,0.12911764705882353,46.13058823529412,46.13058823529412
202,Peat Database,53.57,-116.53,1981,AB,fen,315,N,1681.3,22,361,1868.9,0.1750909090909091,40.96454545454545,40.81818181818182
203,Peat Database,53.57,-116.53,1981,AB,fen,300,N,1687.5,18,342,1831.1,0.15205555555555555,42.251111111111115,42.251111111111115
204,Peat Database,53.33,-117.47,1981,AB,fen,510,N,2343.7,29,510,2343.8,0.10675,43.93607142857143,43.93607142857143
205,Peat Database,53.33,-117.47,1981,AB,fen,488,N,2171.8,21,488,2171.8,0.0964,44.2655,44.2655
206,Peat Database,53.33,-117.47,1981,AB,swamp,290,N,1644.4,15,290,1644.5,0.1392857142857143,40.76,40.615
207,Peat Database,57.17,-118.17,1981,AB,bog,55,Y,461.7,5,105,616.7,0.3096,37.442,37.442
208,Peat Database,57.17,-118.17,1981,AB,fen,45,N,247.1,4,45,247,0.12533333333333335,43.306666666666665,43.306666666666665
209,Peat Database,57.17,-118.18,1981,AB,bog,56,N,331.3,6,64,352.1,0.3001666666666667,41.406666666666666,39.94
210,Peat Database,56.1,-116.85,1981,AB,bog,235,N,1227.7,19,241,1243.8,0.17857894736842106,43.18736842105263,43.18736842105263
211,Peat Database,56.17,-116.97,1981,AB,fen,140,N,723.6,12,145,756.1,0.20650000000000002,41.1775,41.1775
212,Peat Database,55.57,-116.5,1981,AB,fen,106,N,523.7,9,114,543,0.2836666666666667,38.95777777777778,38.95777777777778
213,Peat Database,55.57,-116.5,1981,AB,fen,100,N,472.7,9,100,472.7,0.12975,42.48125,42.48125
214,Peat Database,54.7,-116.02,1981,AB,fen,247,N,1162.8,18,266,1241.5,0.16927777777777778,43.61666666666667,43.925555555555555
215,Peat Database,54.7,-116.02,1981,AB,fen,246,N,312.1,8,246,312.2,0.13316666666666666,38.85333333333333,38.85333333333333
216,Peat Database,54.75,-115.87,1981,AB,fen,554,N,2835.4,36,566,2891.4,0.138,45.5325,45.25138888888889
217,Peat Database,54.75,-115.87,1981,AB,fen,495,N,1331.8,18,495,1331.8,0.0978125,45.730000000000004,45.730000000000004
218,Peat Database,54.93,-115.13,1981,AB,bog,155,N,492.9,11,159,509.7,0.14045454545454547,44.332727272727276,44.13181818181818
219,Peat Database,54.93,-115.13,1981,AB,bog,152,N,467.6,11,152,467.59999999999997,0.0635,50.535,50.535
220,Peat Database,54.77,-115.53,1981,AB,fen,389,N,2213,27,389,2212.9,0.11792307692307692,48.706538461538464,48.66346153846154
221,Peat Database,54.77,-115.53,1981,AB,fen,343,N,1556.5,12,343,1556.4,0.08527272727272728,49.3,49.3
222,Peat Database,54.68,-115.57,1981,AB,bog,414,Y,1275.4,32,422,1298.8,0.08751612903225807,44.43838709677419,44.43838709677419
223,Peat Database,54.68,-115.57,1981,AB,fen,350,N,1520.9,25,363,1550.8,0.1095,46.61875,46.61875
224,Peat Database,54.4,-115.2,1981,AB,swamp,69,N,321.7,8,74,342.8,0.26925,39.49875,39.49875
225,Peat Database,54.35,-114.97,1981,AB,fen,204,N,1052.1,14,212,1070.3,0.1785,43.370714285714286,43.370714285714286
226,Peat Database,55.72,-112.2,1981,AB,bog,297,N,1702,20,308,1748.4,0.16485,47.2825,47.2825
227,Peat Database,55.53,-112.33,1981,AB,fen,637,N,1810.4,35,761,2248.1,0.1303529411764706,41.186470588235295,41.186470588235295
228,Peat Database,55.33,-114.87,1981,AB,bog,311,N,1403.4,21,315,1416.4,0.14214285714285715,46.74047619047619,46.74047619047619
229,Peat Database,55.28,-111.97,1981,AB,fen,200,N,1042.5,15,212,1101.8,0.20186666666666667,43.37266666666667,43.358000000000004
230,Peat Database,55.05,-111.98,1981,AB,bog,198,N,637,14,207,657.8,0.17507142857142857,44.83571428571429,44.83571428571429
231,Peat Database,54.97,-112,1981,AB,bog,517,N,2314.7,37,581,2520.6,0.1632162162162162,38.07756756756757,37.98810810810811
232,Peat Database,54.97,-112.02,1981,AB,bog,331,N,1812.9,21,336,1835.3,0.15104761904761904,46.860952380952384,46.860952380952384
233,Peat Database,55.02,-111.68,1981,AB,fen,247,N,1418.8,17,268,1507.9,0.22476470588235295,40.294117647058826,40.294117647058826
234,Peat Database,55.02,-111.68,1981,AB,bog,251,N,1059.2,17,251,1059.4,0.0891875,46.82625,46.82625
235,Peat Database,55.02,-111.68,1981,AB,swamp,189,N,1284.6,17,203,1348.8,0.256,35.10176470588235,35.10176470588235
236,Peat Database,54.62,-112.15,1981,AB,bog,246,Y,1261.5,18,261,1269.3,0.1913888888888889,43.51222222222222,43.51222222222222
237,Peat Database,54.62,-112.15,1981,AB,fen,264,N,1197.3,16,285,1311.4,0.12373333333333333,44.502,44.152
238,Peat Database,54.58,-113.42,1981,AB,swamp,243,N,1422.1,22,254,1455.8999999999999,0.2055,42.14636363636364,42.162727272727274
239,Peat Database,54.45,-112.8,1981,AB,bog,219,N,1217.9,19,229,1278,0.13305555555555557,46.92166666666667,46.92166666666667
240,Peat Database,56.18,-115.33,1981,AB,bog,434,N,2228.8,29,439,2239.7,0.14079310344827586,46.234482758620686,46.234482758620686
241,Peat Database,56.18,-115.33,1981,AB,bog,201,N,896.5,11,201,896.6,0.08954545454545454,48.36181818181818,48.36181818181818
242,Peat Database,55.13,-114.18,1981,AB,fen,82,N,426.5,7,88,439.40000000000003,0.2327142857142857,41.26571428571428,41.26571428571428
243,Peat Database,55.13,-114.18,1981,AB,fen,195,N,892.8,16,211,942.7,0.2028125,42.666875,42.666875
244,Peat Database,55.17,-114.25,1981,AB,fen,200,N,1198.4,16,230,1354.3,0.28075,36.926875,36.926875
245,Peat Database,55.17,-114.25,1981,AB,fen,202,N,1065.4,15,212,1095.2,0.20593333333333333,41.961999999999996,41.79533333333333
246,Peat Database,55.12,-114.13,1981,AB,fen,83,N,420.6,8,101,529,0.312875,35.8825,35.8825
247,Peat Database,54.62,-114.1,1981,AB,fen,282,N,1633.9,19,290,1639.6,0.18342105263157896,45.12684210526316,45.12684210526316
248,Peat Database,55,-114.38,1981,AB,fen,81,N,385.6,8,97,451.8,0.36325,37.18,37.18
249,Peat Database,55,-114.38,1981,AB,fen,120,N,620.4,11,136,727,0.1834,38.55,38.55
250,Peat Database,55.13,-114.02,1981,AB,fen,238,N,1392.6,15,248,1401.1,0.19666666666666668,41.88133333333333,41.855333333333334
251,Peat Database,55.13,-114.02,1981,AB,fen,213,N,758.7,15,222,1158,0.21473333333333333,36.494,36.494
252,Peat Database,55.35,-114.58,1981,AB,bog,261,N,1338.4,19,267,1349.6,0.16521052631578947,43.11,43.11
253,Peat Database,56.28,-115.37,1981,AB,swamp,198,N,1491.1,16,211,1524.3,0.23500000000000001,40.65875,40.65875
254,Peat Database,56.28,-115.37,1981,AB,fen,135,N,686.3,12,164,846.5,0.14509090909090908,39.91818181818182,39.91818181818182
255,Peat Database,55.75,-116,1981,AB,bog,204,N,1055.4,17,221,1130.7,0.22676470588235295,41.23705882352941,41.23705882352941
256,Peat Database,55.85,-115.15,1981,AB,bog,406,N,2024.2,28,419,2054.7,0.17660714285714285,44.975,44.975
257,Peat Database,55.33,-114.67,1981,AB,bog,299,N,1528.6,23,313,1597.3,0.12090909090909091,46.234545454545454,46.234545454545454
258,Peat Database,55.17,-114.22,1981,AB,fen,305,N,1465.6,21,345,1658.7,0.18166666666666667,41.42809523809524,41.42809523809524
259,Peat Database,55.17,-114.22,1981,AB,fen,303,N,1206.6,23,329,1367.5,0.1065,44.42454545454545,44.42454545454545
260,Peat Database,53.53,-117.1,1981,AB,fen,463,N,1457.5,41,757,1891.7,0.090925,37.856,37.856
261,Peat Database,53.53,-117.1,1981,AB,fen,452,N,1431.2,24,751,1927.2,0.1215,40.354166666666664,40.354166666666664
262,Peat Database,53.58,-114.88,1981,AB,bog,356,N,1538.4,22,362,1557.8999999999999,0.12218181818181818,46.253181818181815,46.253181818181815
263,Peat Database,53.57,-113.77,1981,AB,fen,90,N,396.9,12,165,853.8,0.31116666666666665,32.233333333333334,32.233333333333334
264,Peat Database,53.57,-113.77,1981,AB,fen,182,N,558.5,15,240,1219,0.331,29.469333333333335,29.469333333333335
265,Peat Database,54.45,-114.27,1981,AB,swamp,282,N,1585,20,293,1609.3,0.19155,44.8445,44.8445
266,Peat Database,54.45,-114.27,1981,AB,bog,315,N,1509.2,21,326,1571.3,0.12565,45.722,45.722
267,Peat Database,54.45,-114.27,1981,AB,fen,315,N,1525.9,22,324,1578.8,0.14604761904761904,43.65761904761905,43.65761904761905
268,Peat Database,54.45,-114.27,1981,AB,fen,316,N,1704.1,20,316,1704.4,0.11673684210526315,45.922105263157896,45.922105263157896
269,Peat Database,54.45,-114.27,1981,AB,swamp,291,N,1479.9,20,297,1490.5,0.17779999999999999,45.2825,45.2825
270,Peat Database,53.43,-116.07,1981,AB,fen,328,N,2101.3,23,334,2113.9,0.18730434782608696,43.48391304347826,43.48391304347826
271,Peat Database,54.9,-116.78,1981,AB,bog,102,N,551.7,7,115,621.6,0.22014285714285714,41.73142857142857,41.73142857142857
272,Peat Database,55.88,-116.92,1981,AB,bog,308,N,1474.8,22,308,1475,0.11619047619047619,47.01047619047619,47.01047619047619
273,Peat Database,53.68,-112.83,1981,AB,fen,475,N,2364.7,26,475,2364.8,0.17826923076923076,33.966153846153844,33.966153846153844
274,Peat Database,53.63,-112.85,1981,AB,bog,250,N,1484.4,19,276,1608.2,0.22894736842105262,35.98842105263158,35.98842105263158
275,Peat Database,53.77,-100.47,1982,MB,fen,92,N,413.6,7,97,429.1,0.23157142857142857,38.457142857142856,37.38428571428571
276,Peat Database,53.83,-100.8,1982,MB,fen,320,N,1623.3,20,335,1712.8,0.21695,34.6115,34.6115
277,Peat Database,53.35,-101.35,1982,MB,fen,60,N,180.7,5,60,180.6,0.06475,47.085,47.085
278,Peat Database,53.4,-101.35,1982,MB,bog,120,N,540.9,8,120,541,0.09585714285714286,49.73142857142857,49.73142857142857
279,Peat Database,53.42,-101.35,1982,MB,fen,135,N,1101.3,11,135,1101.3,0.1616,48.875,48.875
280,Peat Database,53.42,-101.35,1982,MB,fen,120,N,735.9,10,120,736,0.12766666666666668,46.92444444444445,46.32
281,Peat Database,54.15,-100.67,1982,MB,fen,140,N,704.4,11,168,858.2,0.19045454545454546,40.31545454545454,40.18545454545455
282,Peat Database,53.92,-101.22,1982,MB,fen,143,N,834.4,11,146,845.2,0.19854545454545455,41.12090909090909,41.12090909090909
283,Peat Database,53.33,-101.08,1982,MB,fen,217,N,1157.7,18,222,1169.3999999999999,0.17372222222222222,43.855555555555554,43.55277777777778
284,Peat Database,53.33,-101.08,1982,MB,fen,195,N,1040,14,199,1059.1,0.1657857142857143,44.43714285714286,44.43714285714286
285,Peat Database,53.22,-100.65,1982,MB,fen,204,N,828,17,204,855.1,0.19111764705882353,40.534705882352945,40.534705882352945
286,Peat Database,53.22,-100.65,1982,MB,fen,103,N,442.3,9,116,490.1,0.27544444444444444,36.812222222222225,36.364444444444445
287,Peat Database,53.68,-101.83,1982,MB,marsh,60,N,300.5,5,66,318.5,0.2794,33.45,33.45
288,Peat Database,53.62,-101.68,1982,MB,fen,164,N,638.5,14,170,784.9,0.25992857142857145,31.665,31.58214285714286
289,Peat Database,54.28,-101.03,1982,MB,fen,178,N,1150.4,14,184,1161.5,0.22192857142857142,42.53642857142857,42.519285714285715
290,Peat Database,54.28,-101.03,1982,MB,fen,168,N,992.5,13,174,1020.8000000000001,0.18946153846153846,42.48153846153846,42.48153846153846
291,Peat Database,54.22,-101.17,1982,MB,fen,291,N,1712.4,20,297,1731.9,0.1752,44.71,44.7305
292,Peat Database,54.22,-101.17,1982,MB,fen,249,N,1468.8,18,255,1490.3,0.16794444444444445,44.605555555555554,44.605555555555554
293,Peat Database,52.97,-101,1982,MB,bog,233,N,1104.1,17,239,1120.7,0.14411764705882354,45.19941176470588,45.19941176470588
294,Peat Database,52.97,-101,1982,MB,fen,180,N,980.2,14,186,996.9,0.16764285714285715,43.417142857142856,43.417142857142856
295,Peat Database,52.97,-101,1982,MB,fen,200,N,881.3,13,206,939.2,0.14192307692307693,45.75153846153846,45.75153846153846
296,Peat Database,53.23,-101.07,1982,MB,fen,261,N,1465.3,19,278,1558.6,0.188,42.88263157894737,42.88263157894737
297,Peat Database,53.23,-101.07,1982,MB,fen,220,N,1246.6,17,226,1261.8,0.19341176470588234,43.138823529411766,43.138823529411766
298,Peat Database,54.52,-101.43,1982,MB,bog,374,Y,1686.3,24,374,1782.1,0.11826086956521739,43.3604347826087,43.3604347826087
299,Peat Database,54.52,-101.43,1982,MB,fen,81,N,310.7,17,282,1142.6,0.42723529411764705,21.57470588235294,21.57470588235294
300,Peat Database,54.52,-101.43,1982,MB,bog,289,Y,1442.9,23,309,1651.8,0.18917391304347828,37.41478260869565,36.78173913043478
301,Peat Database,54.52,-101.43,1982,MB,fen,224,N,1501.2,18,224,1501.2,0.172,41.04117647058823,41.04117647058823
302,Peat Database,53.88,-101.23,1982,MB,fen,92,N,505.2,7,92,505.2,0.121,45.495,45.495
303,Peat Database,53.88,-101.23,1982,MB,fen,110,N,630.3,8,110,630.2,0.12485714285714286,45.35142857142857,45.35142857142857
304,Peat Database,54.12,-101.32,1982,MB,fen,98,N,570.9,8,110,621.1,0.236625,41.17875,41.17875
305,Peat Database,53.47,-101.48,1982,MB,fen,355,N,1765.9,24,365,1783.5,0.19833333333333333,43.245,43.245
306,Peat Database,53.47,-101.48,1982,MB,fen,349,N,1681.3,23,366,1710.7,0.20426086956521738,42.90304347826087,42.90304347826087
307,Peat Database,53.28,-101.25,1982,MB,fen,287,N,1940.5,21,323,2076.6,0.2099047619047619,42.135714285714286,42.135714285714286
308,Peat Database,53.28,-101.25,1982,MB,fen,221,N,1017.7,18,252,1182.1,0.20033333333333334,40.89388888888889,40.89388888888889
309,Peat Database,53.32,-99.27,1982,MB,fen,255,N,1544.2,17,261,1558.1000000000001,0.2137058823529412,40.92294117647059,41.120588235294115
310,Peat Database,53.32,-99.27,1982,MB,fen,191,N,1012.5,13,191,1133,0.19575,35.5375,34.58
311,Peat Database,54.3,-101.27,1982,MB,fen,284,N,1516.3,18,293,1528.4,0.17772222222222223,45.25666666666667,45.25666666666667
312,Peat Database,54.3,-101.27,1982,MB,fen,281,N,1187.9,16,281,1188,0.1156,45.48533333333334,45.48533333333334
313,Peat Database,54.05,-101.3,1982,MB,fen,188,N,1235.4,16,194,1297,0.2445,41.42125,41.42125
314,Peat Database,52.92,-99.33,1982,MB,fen,304,N,1919.1,19,304,1918.8,0.13666666666666666,46.66111111111111,46.66111111111111
315,Peat Database,52.92,-99.33,1982,MB,fen,259,N,1432.3,17,259,1432.4,0.116,47.28125,47.28125
316,Peat Database,52.92,-99.3,1982,MB,swamp,248,N,1645,18,248,1644.9,0.15394444444444444,45.30611111111111,45.14555555555555
317,Peat Database,52.9,-99.25,1982,MB,fen,303,N,1961.2,20,303,1961.2,0.14935,45.1,44.896
318,Peat Database,52.9,-99.25,1982,MB,fen,250,N,1273,18,260,1331.8,0.21594444444444444,41.46277777777778,41.46277777777778
319,Peat Database,52.9,-99.25,1982,MB,fen,206,N,975.9,17,230,1066.6,0.28805882352941176,39.34647058823529,39.34647058823529
320,Peat Database,54.67,-101.58,1982,MB,bog,317,N,1854.7,22,325,1871.6,0.18104545454545454,46.75954545454545,46.75954545454545
321,Peat Database,55.08,-101.6,1982,MB,fen,333,N,1705.2,23,339,1715.7,0.16882608695652174,45.34478260869565,45.34478260869565
322,Peat Database,54.97,-101.47,1982,MB,bog,219,Y,1065.5,16,219,1065.4,0.108625,42.411875,42.411875
323,Peat Database,54.97,-101.47,1982,MB,fen,184,N,770.9,12,190,779.8,0.22533333333333333,40.480000000000004,40.13
324,Peat Database,54.83,-101.48,1982,MB,bog,146,N,905.6,9,151,917.9,0.249,44.193333333333335,44.14111111111111
325,Peat Database,54.83,-101.48,1982,MB,fen,80,N,471,8,80,470.90000000000003,0.11414285714285714,48.30571428571429,48.30571428571429
326,Peat Database,54.87,-101.47,1982,MB,bog,181,Y,1228.1,14,187,1243,0.21,46.64785714285714,46.64785714285714
327,Peat Database,54.95,-101.45,1982,MB,bog,218,N,1041.3,19,250,1220,0.26042105263157894,40.94421052631579,40.94421052631579
328,Peat Database,54.58,-100.95,1982,MB,fen,381,N,1861.7,27,395,1889.2,0.14733333333333334,46.03148148148148,46.03148148148148
329,Peat Database,54.58,-100.95,1982,MB,fen,380,N,1579,26,390,1603.8,0.15265384615384617,44.76923076923077,44.76923076923077
330,Peat Database,54.53,-101.15,1982,MB,fen,126,N,558.8,10,137,595.9,0.2564,40.8,40.8
331,Peat Database,54.47,-101.43,1982,MB,fen,181,N,868,17,229,1144.9,0.19035294117647059,41.58117647058823,41.58117647058823
332,Peat Database,54.47,-101.43,1982,MB,fen,117,N,487.7,15,180,792.2,0.17542857142857143,37.63785714285714,37.63785714285714
333,Peat Database,54.45,-101.72,1982,MB,bog,264,N,1264.5,19,270,1280.1,0.16078947368421054,45.893157894736845,45.893157894736845
334,Peat Database,54.88,-100.05,1982,MB,fen,314,N,1755.1,22,324,1805.6,0.1829090909090909,43.17363636363636,43.17363636363636
335,Peat Database,54.6,-101.43,1982,MB,bog,294,Y,1651,19,303,1657.9,0.17442105263157895,44.11578947368421,44.11578947368421
336,Peat Database,54.6,-101.43,1982,MB,fen,221,N,1165.5,17,241,1232.4,0.2311764705882353,40.53588235294118,40.275882352941174
337,Peat Database,54.62,-100.12,1982,MB,fen,169,N,734.9,11,175,748.4,0.19327272727272726,41.846363636363634,41.846363636363634
338,Peat Database,54.28,-101.77,1982,MB,bog,74,N,325.6,6,80,355.9,0.22433333333333333,41.86333333333333,41.86333333333333
339,Peat Database,54.27,-101.55,1982,MB,fen,178,N,544,13,186,551.7,0.14215384615384616,45.285384615384615,45.285384615384615
340,Peat Database,54.42,-101.35,1982,MB,bog,175,Y,837.3,16,187,889.1,0.1314375,42.6175,42.6175
341,Peat Database,54.42,-101.35,1982,MB,fen,133,N,718.9,12,145,781.3,0.19291666666666668,39.10333333333333,39.10333333333333
342,Peat Database,54.58,-99.8,1982,MB,fen,186,N,1014.4,13,192,1041,0.17138461538461539,44.168461538461536,44.168461538461536
343,Peat Database,54.58,-99.8,1982,MB,fen,205,N,1232,14,205,1232.1,0.12446153846153847,48.27384615384615,48.27384615384615
344,Peat Database,54.55,-99.78,1982,MB,fen,367,N,1901,31,438,2173.9,0.21525806451612903,42.097419354838706,42.097419354838706
345,Peat Database,54.55,-99.78,1982,MB,fen,352,N,1567.7,28,427,1861.3,0.13482142857142856,44.426071428571426,44.49178571428571
346,Peat Database,54.57,-99.78,1982,MB,bog,100,N,568.9,9,106,586.8,0.23355555555555554,43.535555555555554,43.535555555555554
347,Peat Database,54.57,-99.78,1982,MB,fen,217,N,1102.1,15,229,1166.2,0.21553333333333333,41.568666666666665,41.568666666666665
348,Peat Database,54.57,-99.78,1982,MB,fen,190,N,921.6,12,190,921.5,0.111,46.49181818181818,46.49181818181818
349,Peat Database,54.58,-99.53,1982,MB,bog,130,Y,714.1,9,140,748.3,0.206,40.815555555555555,40.815555555555555
350,Peat Database,54.58,-99.53,1982,MB,fen,193,N,558.2,10,228,697.4,0.3196,29.236,29.236
351,Peat Database,54.63,-99.35,1982,MB,bog,133,Y,731.8,13,146,779.7,0.16776923076923075,43.03153846153846,43.03153846153846
352,Peat Database,54.63,-99.35,1982,MB,fen,127,N,512.8,11,144,570.1,0.23809090909090908,38.18909090909091,38.18909090909091
353,Peat Database,54.6,-99.42,1982,MB,swamp,74,N,464.7,8,84,494.2,0.2225,42.06625,42.06625
354,Peat Database,54.08,-99.18,1982,MB,fen,157,N,918.4,12,161,926.2,0.21216666666666667,42.9325,42.9325
355,Peat Database,54.3,-99.13,1982,MB,fen,134,N,767.6,12,145,785.8,0.3215,38.2625,38.2625
356,Peat Database,54.3,-99.13,1982,MB,fen,121,N,595.5,8,127,599.4,0.278125,40.435,40.435
357,Peat Database,54.67,-99.08,1982,MB,NA,50,N,235.6,6,56,243.6,0.30116666666666664,40.211666666666666,39.12166666666667
358,Peat Database,54.47,-99.03,1982,MB,fen,173,N,1084.2,14,179,1095.7,0.22785714285714287,43.49285714285714,43.49285714285714
359,Peat Database,54.47,-99.03,1982,MB,fen,170,N,978.3,12,170,978.3,0.12118181818181818,47.13363636363636,47.13363636363636
360,Peat Database,54.6,-99.1,1982,MB,bog,125,Y,731.9,11,136,815.1,0.1471818181818182,47.31363636363636,47.31363636363636
361,Peat Database,54.27,-99.15,1982,MB,bog,259,N,1546.6,17,265,1569.6,0.17194117647058824,46.80470588235294,46.80470588235294
362,Peat Database,54.28,-99.13,1982,MB,fen,247,N,1101.1,18,271,1149.8,0.3285,36.34388888888889,36.34388888888889
363,Peat Database,54.52,-99.05,1982,MB,fen,115,N,733.2,9,121,763.4,0.21022222222222223,41.986666666666665,41.986666666666665
364,Peat Database,54.52,-99.05,1982,MB,fen,100,N,497.2,8,100,497.3,0.10314285714285715,47.755714285714284,47.755714285714284
365,Peat Database,54.8,-98.65,1982,MB,bog,268,N,1631,19,274,1639.7,0.22021052631578947,41.77368421052632,41.77368421052632
366,Peat Database,54.7,-98.98,1982,MB,bog,247,N,1330.1,20,265,1399.3,0.2331,42.65,42.65
367,Peat Database,54.7,-98.85,1982,MB,bog,204,N,1341,16,215,1390.3,0.221375,43.281875,43.281875
368,Peat Database,54.85,-98.5,1982,MB,bog,219,Y,1308.3,17,233,1342.1,0.13952941176470587,44.17823529411765,44.00764705882353
369,Peat Database,54.85,-98.5,1982,MB,fen,361,N,1629.1,24,367,1645.1,0.13479166666666667,45.697916666666664,45.59041666666666
370,Peat Database,54.85,-98.5,1982,MB,fen,280,N,1380.7,20,286,1401.2,0.1436,44.847,44.847
371,Peat Database,54.87,-98.73,1982,MB,bog,123,N,632,11,133,669.9,0.26345454545454544,40.018181818181816,40.018181818181816
372,Peat Database,54.73,-99.98,1982,MB,fen,231,N,1213.5,18,243,1252.1,0.22172222222222224,40.04666666666667,40.04666666666667
373,Peat Database,49.52,-96.23,1983,MB,fen,220,N,1208.3,18,273,1598.1,0.2191764705882353,37.34294117647059,37.34294117647059
374,Peat Database,49.05,-96.02,1983,MB,bog,169,N,782.6,13,196,834.9,0.30330769230769233,39.651538461538465,39.651538461538465
375,Peat Database,49.05,-96.02,1983,MB,fen,148,N,748.8,11,174,821.7,0.2908181818181818,38.591818181818184,38.56818181818182
376,Peat Database,49.28,-95.58,1983,MB,fen,154,N,764.9,13,160,773.9,0.17576923076923076,43.57846153846154,43.57846153846154
377,Peat Database,49.28,-95.58,1983,MB,fen,124,N,743.3,9,124,743.3,0.12275,44.9775,44.9775
378,Peat Database,49.27,-95.5,1983,MB,bog,212,N,1141.7,16,227,1188.9,0.2411875,41.060625,41.060625
379,Peat Database,49.43,-95.4,1983,MB,bog,215,N,1036.6,16,221,1044.9,0.176875,44.83,44.83
380,Peat Database,49.43,-95.4,1983,MB,bog,222,N,903.7,15,222,903.7,0.07828571428571429,50,49.65571428571428
381,Peat Database,49.43,-95.4,1983,MB,bog,146,N,575.4,11,155,589.6,0.21809090909090909,44.11181818181818,43.95909090909091
382,Peat Database,49.45,-95.52,1983,MB,swamp,47,N,243.7,6,58,268.9,0.387,34.73166666666667,35.4
383,Peat Database,49.65,-96.32,1983,MB,fen,249,N,1734.8,18,254,1738.4,0.22683333333333333,39.791111111111114,39.791111111111114
384,Peat Database,49.65,-96.32,1983,MB,fen,238,N,1549.8,16,238,1549.8,0.15653333333333333,42.971333333333334,42.971333333333334
385,Peat Database,49.65,-96.1,1983,MB,fen,109,N,851.3,11,127,898.3,0.38781818181818184,34.32727272727273,34.32727272727273
386,Peat Database,49.87,-95.63,1983,MB,bog,273,N,1667.1,22,298,1792.8,0.2235,41.533181818181816,41.52045454545455
387,Peat Database,49.82,-95.3,1983,MB,bog,505,N,1991,36,510,1998.2,0.12419444444444444,35.74194444444444,35.638888888888886
388,Peat Database,49.4,-95.37,1983,MB,bog,335,N,1269.8,22,340,1280.3,0.13445454545454547,46.762727272727275,46.762727272727275
389,Peat Database,49.4,-95.37,1983,MB,bog,370,N,1112.3,24,370,1112.3,0.06469565217391304,47.69826086956522,47.69826086956522
390,Peat Database,49.4,-95.37,1983,MB,fen,346,N,2818.7,18,367,2923,0.2643333333333333,40.904444444444444,40.699444444444445
391,Peat Database,49.43,-95.47,1983,MB,fen,170,N,886.8,11,170,886.9,0.1076,47.281,47.281
392,Peat Database,49.43,-95.47,1983,MB,fen,127,N,750.6,10,139,823.5,0.21533333333333332,42.38777777777778,42.22666666666667
393,Peat Database,49.6,-96.5,1983,MB,fen,280,N,1600.1,22,296,1626.9,0.26077272727272727,40.02818181818182,40.02818181818182
394,Peat Database,49.6,-96.5,1983,MB,fen,247,N,1316.8,17,257,1365.2,0.17447058823529413,47.275882352941174,47.275882352941174
395,Peat Database,49.6,-96.5,1983,MB,bog,255,N,1307.2,19,267,1330.3,0.23621052631578948,41.112631578947365,41.112631578947365
396,Peat Database,49.6,-96.5,1983,MB,bog,292,N,1544.2,21,310,1611.5,0.2379047619047619,44.385714285714286,44.385714285714286
397,Peat Database,49.43,-95.55,1983,MB,fen,246,N,1746.6,20,260,1822.5,0.2211,44.821,44.821
398,Peat Database,49.43,-95.55,1983,MB,fen,220,N,1424.4,20,246,1582.6,0.1908421052631579,43.15736842105263,43.17947368421053
399,Peat Database,49.65,-95.57,1983,MB,fen,282,N,1804.9,21,289,1838.4,0.16923809523809524,41.64047619047619,41.64047619047619
400,Peat Database,50.12,-95.65,1983,MB,swamp,62,N,388.1,8,84,508.5,0.4,31.94625,31.94625
401,Peat Database,50.07,-95.55,1983,MB,bog,245,N,1258.7,19,259,1305.2,0.2128421052631579,39.10631578947368,39.10631578947368
402,Peat Database,50.07,-95.55,1983,MB,fen,227,N,1191.2,17,227,1191.1,0.121625,43.018125,43.018125
403,Peat Database,50.12,-95.95,1983,MB,bog,115,N,626,12,120,636.6999999999999,0.20133333333333334,42.0475,42.0475
404,Peat Database,50.13,-95.97,1983,MB,bog,195,N,992.6,16,210,1030.1,0.15875,45.165625,44.594375
405,Peat Database,50.13,-96.27,1983,MB,fen,235,N,1389.4,21,295,1893.1,0.21071428571428572,36.093333333333334,36.093333333333334
406,Peat Database,50.13,-96.27,1983,MB,fen,145,N,758.7,21,298,1601.4,0.27704761904761904,29.494285714285713,29.50761904761905
407,Peat Database,50.08,-96.15,1983,MB,bog,202,N,945.6,16,214,996.6,0.2625625,39.728125,39.728125
408,Peat Database,50.08,-96.15,1983,MB,bog,137,N,594.8,11,142,610.9,0.20318181818181819,45.15909090909091,45.15909090909091
409,Peat Database,50.1,-95.9,1983,MB,bog,230,N,1023.8,17,252,1132.7,0.21929411764705883,43.19235294117647,43.19235294117647
410,Peat Database,50.32,-95.62,1983,MB,bog,130,N,847.8,11,145,896.9,0.21381818181818182,41.72181818181818,41.72181818181818
411,Peat Database,50.3,-95.57,1983,MB,bog,264,N,1656.1,20,269,1675.3,0.21795,41.9875,41.9875
412,Peat Database,49.87,-96.25,1983,MB,fen,147,N,825.9,12,162,886,0.24708333333333332,39.380833333333335,39.380833333333335
413,Peat Database,49.87,-96.25,1983,MB,fen,130,N,686,11,130,686,0.1351,44.551,44.19
414,Peat Database,50,-96.2,1983,MB,bog,305,N,1149.1,22,336,1267.9,0.15195454545454545,43.870909090909095,43.53363636363636
415,Peat Database,50,-96.2,1983,MB,fen,275,N,1177.8,18,281,1193.6,0.14022222222222222,44.29888888888889,44.25611111111111
416,Peat Database,50,-96.2,1983,MB,bog,233,N,1230.2,19,252,1307.6,0.20157894736842105,43.44105263157895,43.44105263157895
417,Peat Database,50.58,-95.45,1983,MB,bog,597,N,2704.8,40,597,2704.4,0.102075,44.5755,44.47525
418,Peat Database,50.53,-95.47,1983,MB,bog,476,N,2345.5,33,476,2345.4,0.111125,44.900625,44.6196875
419,Peat Database,50.33,-95.65,1983,MB,bog,165,N,1002.1,13,165,1002.2,0.12233333333333334,48.5475,48.15833333333333
420,Peat Database,50.33,-95.65,1983,MB,bog,195,N,1000.5,14,201,1021.6,0.17114285714285712,45.447857142857146,45.447857142857146
421,Peat Database,50.48,-96.35,1983,MB,fen,120,N,800.6,9,125,813.7,0.23533333333333334,41.92333333333333,41.92333333333333
422,Peat Database,50.48,-96.35,1983,MB,swamp,142,N,813.8,10,142,813.9,0.11955555555555555,47.55555555555556,47.55555555555556
423,Peat Database,50.48,-96.35,1983,MB,fen,191,N,1140.3,17,212,1199.3,0.23123529411764707,41.02764705882353,41.02764705882353
424,Peat Database,50.48,-96.35,1983,MB,fen,174,N,890.3,12,174,890.4,0.11372727272727273,45.731818181818184,45.731818181818184
425,Peat Database,51.07,-96.28,1983,MB,swamp,120,N,864.5,11,134,903.9,0.3527272727272727,31.773636363636363,31.773636363636363
426,Peat Database,50.98,-96.23,1983,MB,swamp,122,N,832.9,10,133,842.8,0.23179999999999998,41.991,41.991
427,Peat Database,50.43,-96.47,1983,MB,bog,261,N,1287,19,271,1317,0.16794736842105262,44.467894736842105,44.467894736842105
428,Peat Database,50.45,-96.52,1983,MB,bog,298,N,1644.8,22,305,1666.6,0.1613181818181818,45.64545454545455,45.64545454545455
429,Peat Database,50.45,-96.52,1983,MB,swamp,250,N,1671,17,256,1686.9,0.2438235294117647,39.41411764705882,39.41411764705882
430,Peat Database,50.27,-96.3,1983,MB,swamp,77,N,514.1,8,85,560.6999999999999,0.26875,32.865,32.865
431,Peat Database,50.27,-96.27,1983,MB,swamp,130,N,707.6,11,151,786.1,0.28845454545454546,35.62090909090909,35.62090909090909
432,Peat Database,50.27,-96.27,1983,MB,swamp,111,N,595.8,10,130,720.7,0.18877777777777777,38.94444444444444,38.94444444444444
433,Peat Database,50.38,-96.03,1983,MB,bog,121,N,515.5,10,130,553.5,0.17533333333333334,44.096666666666664,44.096666666666664
434,Peat Database,51.12,-96.95,1983,MB,bog,168,N,755.5,13,174,773,0.18323076923076922,43.145384615384614,43.145384615384614
435,Peat Database,51.12,-97.05,1983,MB,fen,107,N,808.2,10,126,918.8000000000001,0.3119,37.397,37.397
436,Peat Database,51.12,-97.05,1983,MB,fen,93,N,569.7,9,105,619.4,0.242,38.87875,38.87875
437,Peat Database,51.23,-97.32,1983,MB,fen,180,N,1054.5,13,200,1123.5,0.26792307692307693,39.32923076923077,39.32923076923077
438,Peat Database,51.23,-97.32,1983,MB,fen,144,N,668.2,11,144,668.3,0.1011,45.968,45.968
439,Peat Database,51.08,-97,1983,MB,bog,159,N,630.7,13,172,669.1,0.2246153846153846,42.043846153846154,42.043846153846154
440,Peat Database,51.08,-97,1983,MB,fen,110,N,591.5,9,110,591.4,0.120375,44.941250000000004,44.941250000000004
441,Peat Database,51.42,-96.88,1983,MB,bog,469,N,2098.6,33,482,2142.7,0.112875,48.6696875,48.59
442,Peat Database,51.7,-96.88,1983,MB,bog,341,N,1458.7,24,341,1458.6,0.08782608695652173,49.63739130434783,49.63739130434783
443,Peat Database,50.78,-99.98,1983,MB,fen,133,N,779.7,15,200,1167.5,0.2948,34.626666666666665,34.27333333333333
444,Peat Database,50.78,-99.98,1983,MB,swamp,157,N,1021.4,13,183,1184.6,0.27053846153846156,38.082307692307694,38.082307692307694
445,Peat Database,50.78,-99.98,1983,MB,fen,219,N,1003,20,269,1325.1,0.2405,32.36555555555555,32.36555555555555
446,Peat Database,51.37,-100.78,1983,MB,fen,165,N,667.7,24,360,1518.1,0.37765217391304345,24.80913043478261,24.80913043478261
447,Peat Database,51.63,-100.77,1983,MB,fen,303,N,1543.4,23,322,1605.8,0.21513043478260868,37.955652173913045,37.955652173913045
448,Peat Database,51.95,-100.97,1983,MB,fen,310,N,1307.7,41,662,2676.7,0.2817,26.87625,26.87625
449,Peat Database,52.47,-101.33,1983,MB,bog,330,N,1870,25,358,1977.4,0.20432,40.6892,40.6892
450,Peat Database,52.47,-101.3,1983,MB,fen,210,N,1108.4,15,210,1108.4,0.11357142857142857,44.74285714285714,44.74285714285714
451,Peat Database,52.53,-101.22,1983,MB,bog,304,N,1539.9,22,312,1593.3,0.1461818181818182,48.03181818181818,48.03181818181818
452,Peat Database,52.58,-101.32,1983,MB,fen,275,N,1923.2,21,289,2000.9,0.21528571428571427,43.40380952380952,43.40380952380952
453,Peat Database,51.57,-101.02,1983,MB,bog,291,N,1454,22,301,1484.3999999999999,0.19840909090909092,41.109545454545454,41.109545454545454
454,Peat Database,51.57,-100.95,1983,MB,fen,266,N,1797.5,20,292,1878.7,0.2591,39.242,39.242
455,Peat Database,51.85,-100.93,1983,MB,fen,355,N,1768.2,30,466,2404.4,0.209,36.79566666666667,36.79566666666667
456,Peat Database,52.85,-102.67,1984,SK,bog,280,N,1111.9,18,301,1215.3999999999999,0.20016666666666666,43.839999999999996,43.839999999999996
457,Peat Database,52.85,-102.67,1984,SK,fen,205,N,722.6,12,215,753.1,0.1898181818181818,43.62,43.62
458,Peat Database,52.93,-102.45,1984,SK,fen,170,N,1237,12,176,1257.4,0.23691666666666666,42.39666666666667,42.39666666666667
459,Peat Database,52.37,-102.62,1984,SK,bog,207,N,1017.2,15,207,1056.5,0.19419999999999998,45.54866666666667,45.54866666666667
460,Peat Database,52.78,-101.92,1984,SK,fen,199,N,1590.2,14,208,1617.6,0.2629285714285714,41.21214285714286,41.21214285714286
461,Peat Database,52.87,-102.37,1984,SK,swamp,71,N,258.7,7,78,289.2,0.21071428571428572,39.888571428571424,39.888571428571424
462,Peat Database,54.45,-102.13,1984,SK,fen,166,N,1072.8,13,183,1124.2,0.19115384615384615,44.30307692307692,44.04692307692308
463,Peat Database,54.53,-102.12,1984,SK,fen,250,N,1528.8,19,250,1528.8,0.12805555555555556,47.52166666666667,47.52166666666667
464,Peat Database,54.62,-102.08,1984,SK,bog,374,N,2072,27,374,2072.1,0.11215384615384616,48.72846153846154,48.22807692307693
465,Peat Database,54.88,-102.05,1984,SK,bog,421,N,2395.7,30,431,2404.3,0.16243333333333332,46.69,46.489333333333335
466,Peat Database,54.83,-102.78,1984,SK,bog,270,N,1620.8,20,270,1667.2,0.17125,46.574,46.501
467,Peat Database,55.22,-102.87,1984,SK,fen,368,N,889.7,14,384,942.3000000000001,0.13284615384615384,42.09076923076923,42.09076923076923
468,Peat Database,55.12,-102.87,1984,SK,fen,365,N,1476.4,23,383,1518.2,0.1446086956521739,41.56956521739131,41.56956521739131
469,Peat Database,54.7,-102.9,1984,SK,fen,136,N,720.4,10,142,726,0.23759999999999998,39.659,39.643
470,Peat Database,54.67,-103.32,1984,SK,fen,399,N,2004.6,28,409,2064.2,0.16339285714285715,42.730357142857144,42.10785714285714
471,Peat Database,54.88,-102.77,1984,SK,fen,435,N,2018.1,28,459,2069.9,0.16278571428571428,41.44857142857143,41.32535714285714
472,Peat Database,54.87,-102.4,1984,SK,bog,166,N,696.3,15,196,825.8,0.2464,39.97266666666667,39.97266666666667
473,Peat Database,54.8,-101.85,1984,SK,bog,370,N,2033.2,27,402,2142.8,0.16796296296296295,46.1925925925926,46.1925925925926
474,Peat Database,54.77,-101.82,1984,SK,fen,320,N,2077.2,25,342,2135.8,0.20471999999999999,43.2976,43.2976
475,Peat Database,54.73,-101.92,1984,SK,bog,124,N,896.3,12,124,896.2,0.1469090909090909,48.52363636363636,48.52363636363636
476,Peat Database,54.78,-101.92,1984,SK,fen,355,N,2418.8,27,386,2492.2,0.18981481481481483,45.62148148148148,45.62148148148148
477,Peat Database,53.87,-105.55,1984,SK,fen,250,N,1562.6,18,264,1584.5,0.21155555555555555,43.11666666666667,43.11666666666667
478,Peat Database,53.73,-105.05,1984,SK,fen,205,N,1493.1,16,215,1546.3,0.19046666666666667,43.40533333333333,43.40533333333333
479,Peat Database,53.73,-105.05,1984,SK,fen,172,N,974.9,15,211,1093,0.3051333333333333,39.17733333333334,39.17733333333334
480,Peat Database,53.75,-105.17,1984,SK,fen,168,N,929.6,13,195,1047.2,0.31353846153846154,36.106923076923074,36.08692307692308
481,Peat Database,53.9,-104.63,1984,SK,fen,139,N,999.1,11,145,1010.3,0.28418181818181815,41.341818181818184,41.341818181818184
482,Peat Database,53.6,-104.63,1984,SK,bog,152,N,721.3,12,170,783.1,0.3110833333333333,40.7625,40.74
483,Peat Database,53.82,-104.63,1984,SK,fen,284,N,1802.6,20,296,1826.3,0.2021,43.723,43.723
484,Peat Database,53.82,-104.63,1984,SK,fen,242,N,1154.3,17,242,1154.3,0.12013333333333333,46.52,46.52
485,Peat Database,53.92,-105.13,1984,SK,fen,216,N,918.1,16,238,963.3,0.2391875,42.14625,41.888125
486,Peat Database,53.97,-104.87,1984,SK,fen,272,N,1354.9,19,282,1386.1000000000001,0.17378947368421052,41.94421052631579,41.94421052631579
487,Peat Database,54.07,-105,1984,SK,fen,247,N,1353.5,18,247,1353.3,0.11576470588235295,48.459411764705884,48.459411764705884
488,Peat Database,54.07,-105,1984,SK,fen,138,N,790.5,11,150,802.4,0.2381818181818182,44.43181818181818,44.43181818181818
489,Peat Database,54.08,-104.75,1984,SK,fen,129,N,537,9,136,545,0.2683333333333333,44.19111111111111,44.19111111111111
490,Peat Database,54.15,-104.97,1984,SK,fen,230,N,1232.5,17,247,1278.8,0.2665882352941176,42.23058823529412,42.23058823529412
491,Peat Database,54.23,-105.95,1984,SK,fen,285,N,1533.4,21,289,1548.8,0.16325,45.643,45.104
492,Peat Database,54.45,-105.9,1984,SK,bog,221,N,1488.4,17,236,1573.4,0.2293529411764706,43.841764705882355,43.841764705882355
493,Peat Database,54.42,-105.5,1984,SK,fen,250,N,1413.8,19,285,1641.9,0.24863157894736843,43.53421052631579,43.53421052631579
494,Peat Database,54.28,-105.52,1984,SK,fen,166,N,713.8,13,179,805.9,0.2436923076923077,42.473076923076924,42.23538461538462
495,Peat Database,54,-105.87,1984,SK,fen,329,N,1533.2,25,356,1598.8,0.2032,43.4516,43.4516
496,Peat Database,54,-105.87,1984,SK,fen,302,N,785.1,22,325,965.5,0.1328125,45.83875,45.83875
497,Peat Database,53.92,-106,1984,SK,fen,242,N,1246,17,253,1263.3,0.21335294117647058,43.75058823529412,43.75058823529412
498,Peat Database,53.93,-105.97,1984,SK,bog,55,N,222.6,5,61,236,0.4078,38.17,38.17
499,Peat Database,54.97,-104.75,1984,SK,fen,211,N,1324.5,15,221,1342.7,0.24693333333333334,41.93866666666667,41.93866666666667
500,Peat Database,55.07,-105.33,1984,SK,fen,386,N,2083.3,26,392,2096,0.16203846153846155,47.00269230769231,47.00269230769231
501,Peat Database,54.75,-105.05,1984,SK,fen,254,N,1596.2,21,262,1621.8,0.2359047619047619,44.09952380952381,44.09952380952381
502,Peat Database,54.75,-105.05,1984,SK,fen,119,N,714,7,119,714.1,0.12285714285714286,48.621428571428574,48.621428571428574
503,Peat Database,54.78,-105.08,1984,SK,fen,190,N,956.1,16,246,1134.1,0.33575,39.839375,39.825
504,Peat Database,55.18,-105.33,1984,SK,fen,370,N,1946.6,27,396,2066.5,0.16714814814814816,45.3262962962963,45.3262962962963
505,Peat Database,55.18,-105.33,1984,SK,fen,336,N,1294.1,22,336,1294.1,0.1151578947368421,46.51315789473684,46.51315789473684
506,Peat Database,55.18,-105.33,1984,SK,fen,271,N,1238.3,18,284,1257.9,0.17505555555555555,46.54944444444445,46.54944444444445
507,Peat Database,55.53,-104.8,1984,SK,bog,566,N,1997.4,37,566,1997.2,0.07108108108108108,49.98189189189189,49.98189189189189
508,Peat Database,55.43,-104.93,1984,SK,fen,640,N,2819.4,41,666,2902.5,0.12965853658536586,45.52682926829268,45.55926829268293
509,Peat Database,54.72,-105.47,1984,SK,bog,382,N,1801.2,28,397,1850.3,0.17235714285714285,46.45892857142857,46.45892857142857
510,Peat Database,54.78,-105.4,1984,SK,fen,191,N,999,14,201,1013.5,0.2037857142857143,45.945,45.65357142857143
511,Peat Database,54.8,-104.83,1984,SK,bog,156,N,822.7,12,166,831.6,0.21408333333333332,46.208333333333336,45.865
512,Peat Database,54.8,-104.83,1984,SK,fen,133,N,729.5,10,133,729.5,0.11155555555555556,48.75555555555555,48.75555555555555
513,Peat Database,54.73,-104.8,1984,SK,fen,210,N,1233.9,17,243,1425.1,0.30311764705882355,39.14411764705882,39.14411764705882
514,Peat Database,54.63,-105.8,1984,SK,bog,383,N,2225.3,27,388,2242.1,0.16374074074074074,46.04925925925926,46.04925925925926
515,Peat Database,54.82,-105.55,1984,SK,bog,532,N,2316.4,38,571,2469.5,0.13544736842105262,48.02736842105263,48.02736842105263
516,Peat Database,54.8,-105.55,1984,SK,bog,452,N,2475.6,32,463,2484.8,0.16584374999999998,47.9159375,47.9159375
517,Peat Database,55.25,-105.22,1984,SK,fen,295,N,1415.8,22,313,1472,0.26215,38.205,38.205
518,Peat Database,55.33,-104.92,1984,SK,bog,360,N,2264.7,27,385,2345.9,0.19103703703703703,43.93555555555555,43.93555555555555
519,Peat Database,54.98,-105.27,1984,SK,bog,184,N,978.6,15,206,1073.1,0.25833333333333336,43.14533333333333,43.14533333333333
520,Peat Database,54.27,-107.85,1984,SK,bog,240,N,1079.3,18,256,1095.2,0.27294444444444443,39.92,39.92
521,Peat Database,54.58,-107.82,1984,SK,fen,163,N,726.2,13,174,756.3,0.24846153846153846,41.52384615384615,41.52384615384615
522,Peat Database,54.7,-107.82,1984,SK,bog,360,N,1717.8,26,372,1741.2,0.17842307692307693,45.637307692307694,45.637307692307694
523,Peat Database,54.7,-107.82,1984,SK,fen,160,N,743.4,12,171,758.4,0.21183333333333335,44.2475,44.2475
524,Peat Database,54.7,-107.82,1984,SK,fen,165,N,647.3,13,171,674.4,0.17715384615384616,42.25846153846154,42.25846153846154
525,Peat Database,54.42,-107.12,1984,SK,bog,109,N,456.3,9,116,465.5,0.2622222222222222,41.41888888888889,41.41888888888889
526,Peat Database,54.43,-107.08,1984,SK,fen,540,N,1226.8,38,706,2354.4,0.1647027027027027,35.288648648648646,35.178378378378376
527,Peat Database,54.65,-107.82,1984,SK,bog,172,N,831.7,13,178,839.1,0.20961538461538462,44.61923076923077,44.61923076923077
528,Peat Database,55.3,-107.85,1984,SK,fen,375,N,766.2,19,398,860.8000000000001,0.20099999999999998,37.855555555555554,37.855555555555554
529,Peat Database,55.4,-107.97,1984,SK,bog,278,N,1379.8,20,284,1386.4,0.1748,48.42,48.42
530,Peat Database,55.78,-108.82,1984,SK,bog,160,N,968.9,12,166,984.8,0.22391666666666665,45.98583333333333,45.98583333333333
531,Peat Database,55.5,-108.07,1984,SK,fen,262,N,1111.4,19,268,1119.2,0.16857894736842105,46.548947368421054,46.548947368421054
532,Peat Database,55.5,-108.07,1984,SK,fen,242,N,1080.2,17,242,1080.2,0.087,50.751875,50.751875
533,Peat Database,55.58,-108.15,1984,SK,fen,200,N,1233.4,14,206,1245.1,0.2357142857142857,44.964285714285715,44.964285714285715
534,Peat Database,55.7,-108.28,1984,SK,bog,97,N,504.5,8,103,517.6,0.303625,44.75125,44.75125
535,Peat Database,55.53,-108.27,1984,SK,fen,177,N,935.1,13,183,947.4,0.20492307692307693,46.19846153846154,46.19846153846154
536,Peat Database,55.82,-108.45,1984,SK,bog,225,N,1125.2,16,228,1135.3,0.1455625,48.3625,48.3625
537,Peat Database,55.83,-108.47,1984,SK,bog,150,N,970.8,11,154,983.3,0.24154545454545454,46.024545454545454,46.024545454545454
538,Peat Database,55.9,-108.58,1984,SK,fen,446,N,1676.6,26,449,1691.9,0.14328,46.2288,46.2288
539,Peat Database,55.13,-108,1984,SK,fen,317,N,1704.3,20,323,1723.8,0.16055,45.1095,45.1095
540,Peat Database,55.13,-107.98,1984,SK,bog,226,N,1462.1,17,232,1471.1,0.21276470588235294,46.27411764705882,46.18
541,Peat Database,54.58,-107.3,1984,SK,fen,348,N,1598.5,26,373,1739.7,0.15615384615384614,45.576153846153844,45.354615384615386
542,Peat Database,54.58,-107.3,1984,SK,fen,330,N,1465,22,330,1465.1,0.09214285714285714,48.34904761904762,48.34904761904762
543,Peat Database,54.47,-107.85,1984,SK,fen,423,N,2219.4,30,441,2287.3,0.17046666666666668,42.02033333333333,42.02033333333333
544,Peat Database,67.5,-133.77,1989,NT,bog,251,Y,1223.1,19,251,1222.9,0.10694736842105264,47.19210526315789,47.19210526315789
545,Peat Database,67.97,-133.47,1989,NT,bog,139,Y,673.9,12,143,692.2,0.16566666666666668,46.29833333333333,46.29833333333333
546,Peat Database,68.3,-133.42,1989,NT,bog,176,Y,748.8,12,176,748.8,0.089,46.0475,46.0475
547,Peat Database,67.43,-133.87,1989,NT,bog,112,Y,679.1,9,112,679.1,0.136,43.11111111111111,43.11111111111111
548,Peat Database,67.42,-134.3,1989,NT,bog,277,Y,1649.1,17,280,1668.7,0.171,43.06588235294117,43.06588235294117
549,Peat Database,67.47,-134.67,1989,NT,bog,282,Y,1521.6,17,282,1521.7,0.12158823529411765,44.17941176470588,44.17941176470588
550,Peat Database,67.47,-134.58,1989,NT,bog,261,Y,1339.9,17,261,1339.9,0.11152941176470588,44.10588235294118,44.10588235294118
551,Peat Database,59.27,-118.68,1989,AB,bog,162,Y,1411.6,12,162,1411.6000000000001,0.202,43.85181818181818,43.85181818181818
552,Peat Database,59.27,-118.68,1989,AB,fen,110,N,827.4,9,110,827.1999999999999,0.178,42.5425,42.5425
553,Peat Database,59.27,-118.68,1989,AB,bog,249,Y,1417.2,17,249,1417.1,0.12786666666666666,48.86666666666667,48.86666666666667
554,Peat Database,59.27,-118.68,1989,AB,bog,240,N,1053.3,14,261,1160.5,0.18471428571428572,43.66142857142857,43.66142857142857
555,Peat Database,59.38,-117.32,1989,AB,bog,116,Y,670.6,8,116,670.6,0.11028571428571429,50.63285714285715,50.63285714285715
556,Peat Database,59.38,-117.32,1989,AB,bog,233,N,1171,16,242,1201.8,0.1765,46.639375,46.639375
557,Peat Database,59.12,-118.62,1989,AB,bog,391,Y,2017.5,23,391,2017.6000000000001,0.1050909090909091,49.238181818181815,49.238181818181815
558,Peat Database,59.12,-118.62,1989,AB,bog,394,N,1812.8,22,402,1921.6,0.14827272727272728,46.63590909090909,46.63590909090909
559,Peat Database,59.15,-118.35,1989,AB,fen,63,N,332.6,6,73,375.1,0.31916666666666665,39.57833333333333,39.57833333333333
560,Peat Database,59.12,-118.15,1989,AB,bog,312,Y,1515.4,17,312,1515.5,0.111,47.4675,47.4675
561,Peat Database,59.12,-118.15,1989,AB,fen,262,N,1098.3,16,278,1197,0.1651875,45.60375,45.60375
562,Peat Database,58.42,-119.48,1989,AB,bog,301,Y,1770.5,16,314,1839.3,0.179625,42.50625,42.50625
563,Peat Database,58.42,-119.48,1989,AB,fen,273,N,1551.2,16,273,1551.1,0.12553333333333333,45.60933333333333,45.60933333333333
564,Peat Database,58.3,-119.28,1989,AB,bog,235,Y,1814.4,14,235,1814.4,0.1586153846153846,48.95076923076923,48.95076923076923
565,Peat Database,58.53,-119.13,1989,AB,bog,215,Y,1800.7,12,215,1800.8999999999999,0.17354545454545456,46.56818181818182,46.56818181818182
566,Peat Database,58.53,-119.13,1989,AB,fen,240,N,1523.2,14,240,1523.1,0.1485,44.52357142857143,44.52357142857143
567,Peat Database,54.101,-72.516,2005,QC,fen,110,N,607.3,110,110,607.9,0.1130090909090909,48.78909090909091,48.78909090909091
568,Peat Database,51.126,-55.927,2010,NL,bog,576,N,2199.8,300,600,2305.2,0.13974666666666666,45.965666666666664,45.965666666666664
569,Peat Database,45.008,-73.827,NA,QC,bog,310,N,2488.2,88,350,2734,0.3155113636363636,39.48920454545455,39.48920454545455
570,Peat Database,52.46,-116.19,1999,AB,fen,343,N,3144.8,351,351,3205.6,0.25982905982905985,38.24074074074074,38.24074074074074
571,Peat Database,55.082,-114.141,2003,AB,fen,184,N,1512,151,200,1612.4,0.3713112582781457,40.09682119205298,40.09682119205298
572,Peat Database,60.83,-101.55,1993,NU,bog,186,Y,699.6,39,186,699.7,0.08697435897435897,44.20153846153846,44.20153846153846
573,Peat Database,59.88,-104.2,2002,SK,bog,197,N,878.8,39,197,878.7,0.10635897435897436,43.91487179487179,43.91487179487179
574,Peat Database,51.065,-89.793,2008,ON,bog,286,N,1356.9,285,286,1356.4,0.09756140350877193,48.74670175438597,48.74670175438597
575,Peat Database,52.019,-90.131,2008,ON,bog,421,N,1785.7,419,421,1785.7,0.08707398568019094,49.182649164677805,49.182649164677805
576,Peat Database,52.86,-89.929,2008,ON,bog,243.5,N,1107.7,239,245,1113.9,0.09517154811715481,49.26702928870293,49.26702928870293
577,Peat Database,55.269,-88.931,2008,ON,bog,176,N,730.3,173,176,729.9,0.08274566473988439,50.113121387283236,50.113121387283236
578,Peat Database,55.415,-88.952,2008,ON,bog,140,Y,899.1,133,140,899,0.1339172932330827,48.50172932330827,48.50172932330827
579,Peat Database,54.395,-89.522,2008,ON,bog,330,N,1375.2,323,330,1375.6,0.08526625386996904,49.1459133126935,49.1459133126935
580,Peat Database,50.459,-89.928,2008,ON,bog,189,N,811.8,188,189,812.3,0.0866436170212766,49.69973404255319,49.69973404255319
581,Peat Database,55.47,-98.16,2001,MB,bog,300,Y,1528.7,98,300,1528.7,0.10389795918367346,47.67448979591837,47.67448979591837
582,Peat Database,55.46,-98.16,2001,MB,bog,270,Y,1308.1,92,270,1308.6,0.09869565217391305,48.19565217391305,48.19565217391305
583,Peat Database,55.46,-98.16,2001,MB,bog,221,Y,955.2,80,230,989.6,0.0994125,46.61,46.61
584,Peat Database,55.47,-98.15,2001,MB,bog,152,Y,918.8,55,155,940.8,0.13187272727272728,46.49636363636364,46.49636363636364
585,Peat Database,55.47,-98.15,2001,MB,bog,240,Y,1519.1,80,240,1518.8,0.1294,48.40625,48.40625
586,Peat Database,55.47,-98.16,2001,MB,bog,420,Y,2076.2,138,420,2075.8,0.09970289855072464,49.56449275362319,49.56449275362319
587,Peat Database,55.23,-77,2008,QC,bog,244,N,1256,271,271,1283.4,0.2573948339483395,44.58029520295203,44.58029520295203
588,Peat Database,53.65,-77.73,2004,QC,bog,321,N,1511.4,330,330,1532.6,0.11538787878787879,49.07154545454546,49.07154545454546
589,Peat Database,53.57,-76.13,2004,QC,bog,375,N,1599.5,385,385,1623.1,0.11893506493506494,49.634493506493506,49.634493506493506
590,Peat Database,52.288,-75.839,2006,QC,bog,496,N,1872.1,500,500,1892.6,0.0793,50.61568,50.61568
591,Peat Database,51.982,-75.402,2006,QC,bog,300,N,1176.2,292,300,1176.4,0.07743835616438356,51.23054794520548,51.23054794520548
592,Peat Database,52.044,-75.173,2006,QC,bog,291,N,1162.5,290,301,1186.8,0.12021379310344828,49.128,49.128
593,Peat Database,55.897,-112.089,2003,AB,fen,472,N,3190.7,436,472,3189.9,0.14391972477064222,49.8477752293578,49.8477752293578
594,Peat Database,55.896,-112.095,2003,AB,fen,450,N,2987.9,397,450,2987,0.14045843828715365,50.15050377833753,50.15050377833753
595,Peat Database,56.02,-111.93,2003,AB,fen,400,N,2446.6,392,400,2446.9,0.12692602040816325,49.964795918367344,49.964795918367344
596,Peat Database,53.581,-116.747,2003,AB,fen,277,N,2583,260,300,2688.3,0.38934615384615384,42.38742307692308,42.38742307692308
597,Peat Database,53.585,-116.748,2003,AB,fen,440,N,3197.6,402,450,3277.1,0.20833830845771145,44.91069651741294,44.91069651741294
598,Peat Database,55.836,-115.092,2004,AB,fen,371,N,2087.5,361,371,2087.8,0.11457340720221607,50.1592243767313,50.1592243767313
599,Peat Database,61.8,-121.4,NA,NT,bog,255,Y,1526.6,39,255,1526.5,0.111,48.45,48.45
600,Peat Database,65.213,-127.017,2008,NT,bog,128,Y,978.9,9,143,1020.4,0.2816666666666667,38.81,37.684444444444445
601,Peat Database,54.049,-72.457,2005,QC,fen,110,N,672.5,110,110,672.2,0.12132727272727273,50.390181818181816,50.390181818181816
602,Peat Database,54.049,-72.457,2005,QC,fen,105,N,535.1,105,105,534.7,0.10556190476190476,48.35885714285714,48.35885714285714
603,Peat Database,54.049,-72.457,2005,QC,fen,90,N,530.4,110,110,556.1,0.3125,36.25090909090909,36.25090909090909
604,Peat Database,45.144,-63.937,2010,NS,bog,850,N,2723.3,425,850,2722.9,0.06518352941176471,48.754588235294115,48.754588235294115
605,Peat Database,59.86,-97.64,2008,MB,bog,90,Y,703.2,34,100,737.3,0.2645,43.476470588235294,43.476470588235294
606,Peat Database,55.06,-114.13,1989,AB,bog,397.5,N,2299.7,43,421,2384.4,0.22330232558139534,37.25813953488372,37.25813953488372
607,Peat Database,68.32,-133.42,2007,NT,bog,300,Y,1738.9,24,300,1738.9,0.12166666666666666,46.7125,46.7125
608,Peat Database,59.42,-97.48,2008,MB,bog,130,Y,832.7,46,130,832.6,0.1473913043478261,43.78913043478261,43.78913043478261
609,Peat Database,53.58,-118.02,1999,AB,fen,398,N,2634.6,398,398,2635.1,0.14261557788944723,46.618467336683416,46.618467336683416
610,Peat Database,59.58,-98.57,2008,MB,bog,96.8,Y,599.7,27,98,601.4,0.15892592592592591,45.52222222222222,45.52222222222222
611,Peat Database,59.11,-97.4,2008,MB,bog,162,Y,895.7,53,166,902.9,0.14058490566037735,45.0188679245283,45.0188679245283
612,Peat Database,54.5,-101,NA,MB,bog,430,Y,2455.9,3,430,2455.9,0.111,48.16,53.05
613,Peat Database,50.08,-96.51,1978,MB,fen,140,N,1036.5,4,140,1036.5,0.12666666666666668,44.35333333333333,57.56666666666666
614,Peat Database,50.08,-96.51,1978,MB,swamp,140,N,916.1,5,155,962.9,0.2596,37.678,43.82
615,Peat Database,49.935,-99.196,1981,MB,fen,90,N,722.1,4,140,832.9,0.26025,28.87,33.94
616,Peat Database,51.12,-116.461,NA,BC,fen,50,N,390.7,4,115,513.8,0.26775000000000004,29.865000000000002,29.865000000000002
617,Peat Database,51.422,-116.346,NA,BC,fen,85,N,596.9,7,125,821.4000000000001,0.314,24.474285714285717,24.474285714285717
618,Peat Database,49.416,-95.75,NA,MB,NA,233.7,N,1270.5,6,233.70000000000002,1270.5,0.1488,41.186,39.620000000000005
619,Peat Database,51.189,-97.162,NA,MB,fen,134.6,N,815.8,6,142.2,836.6,0.1844,38.052,40.24
620,Peat Database,51.174,-97.097,NA,MB,bog,182.9,N,796.9,6,190.5,826.2,0.21966666666666668,38.73833333333333,43.15
621,Peat Database,51.123,-97.044,NA,MB,fen,132.1,N,810.1,6,139.7,825.4,0.2736,34.588,39.019999999999996
622,Peat Database,51.64,-97.24,NA,MB,fen,139.7,N,919.1,6,147.29999999999998,939.9,0.1836,38.052,42.36
623,Peat Database,51.64,-97.24,NA,MB,fen,121.9,N,688,6,129.5,708.8,0.1844,38.052,40.24
624,Peat Database,51.64,-97.24,NA,MB,bog,340.4,N,1896.9,4,350.6,1935.7,0.28975,38.705,42.9125
625,Peat Database,51.64,-97.24,NA,MB,NA,91.4,N,463.2,4,101.6,504.3,0.356,33.303333333333335,38.989999999999995
626,Peat Database,51.64,-97.24,NA,MB,NA,76.2,N,207.9,4,83.8,230.6,0.34933333333333333,32.156666666666666,25.400000000000002
627,Peat Database,51.64,-97.24,NA,MB,fen,180.3,N,1075.9,7,190.5,1125.9,0.2703333333333333,33.635,38.72833333333333
628,Peat Database,51.973,-121.452,NA,BC,fen,145,N,812.1,6,180,890.9,0.325,27.163333333333334,27.163333333333334
629,Peat Database,50.26,-96.06,NA,MB,NA,233.7,N,1270.5,6,233.70000000000002,1270.5,0.1488,41.186,39.620000000000005
630,Peat Database,50.26,-96.06,NA,MB,fen,106.7,N,525.1,6,111.8,526.4,0.1872,35.718,31.58
631,Peat Database,50.26,-96.06,NA,MB,NA,61,N,301.4,6,66,313.8,0.2704,37.388,34.26
632,Peat Database,48.749,-123.217,1982,BC,fen,200,N,1111.7,7,200,1111.7,0.09957142857142857,49.97,51.628571428571426
633,Peat Database,54.826,-111.879,NA,AB,bog,137,N,582.3,4,137,582.4000000000001,0.10066666666666667,49.47666666666667,46.67
634,Peat Database,54.096,-111.921,NA,AB,fen,152,N,880.9,4,152,880.9000000000001,0.1375,46.735,37.13
635,Peat Database,54.526,-111.587,NA,AB,fen,152,N,763.7,5,152,763.7,0.1302,47.606,40.36
636,Peat Database,54.417,-110.377,NA,AB,fen,127,N,897.2,5,127,897.1999999999999,0.17500000000000002,41.9025,36.555
637,Peat Database,54.504,-111.26,NA,AB,fen,152,N,813.5,5,152,813.6,0.1282,46.992,39.217999999999996
638,Peat Database,54.461,-110.403,NA,AB,fen,74,N,468.6,4,102,594.8000000000001,0.23533333333333334,38.96,31.566666666666666
639,Peat Database,54.911,-111.855,NA,AB,bog,157,N,570.5,3,157,570.5,0.09033333333333333,49.163333333333334,43.093333333333334
640,Peat Database,54.475,-111.436,NA,AB,fen,137,N,930.8,5,137,930.9,0.14425,42.447500000000005,44.035
641,Peat Database,54.403,-110.611,NA,AB,swamp,66,N,259.2,3,66,259.2,0.11599999999999999,48.099999999999994,36.94
642,Peat Database,54.731,-119.656,NA,AB,fen,90,N,425.5,6,102,446.4,0.16666666666666666,37.94166666666666,37.028333333333336
643,Peat Database,54.985,-118.884,NA,AB,swamp,93,N,398.2,4,103,431.40000000000003,0.29475,37.04,33.05
644,Peat Database,53.857,-111.273,NA,AB,fen,160,N,954.8,3,160,954.8,0.14166666666666666,46.32,47.03333333333333
645,Peat Database,51.4,-117.47,1983,BC,fen,110,N,501.3,9,110,506.5,0.21511111111111111,32.013333333333335,33.723333333333336
646,Peat Database,51.38,-116.2,1975,AB,fen,73,N,277.2,8,105,290.4,0.29825,25.36,17.25
647,Peat Database,52.46,-117.47,1979,AB,fen,97,N,267.1,8,120,323.9,0.22262500000000002,29.20125,23.346249999999998
648,Peat Database,53.063,-118.756,1979,AB,fen,61,N,280.5,8,105,499.5,0.32225,27.668,26.775000000000002
649,Peat Database,51.175,-115.615,1976,AB,fen,78,N,201.4,5,81,213,0.15560000000000002,35.244,28.78
650,Peat Database,49.88,-120.628,NA,BC,fen,88.9,N,720.7,6,88.89999999999999,720.7,0.2616,38.8375,38.8375
651,Peat Database,49.258,-120.317,NA,BC,NA,88.9,N,479.8,5,88.9,492.2,0.2834,34.498,34.498
652,Peat Database,51.39,-116.19,NA,AB,fen,40,N,140,3,64,176.6,0.2705,23.685000000000002,23.799999999999997
653,Peat Database,48.92,-124.98,1972,BC,NA,85,N,181.3,6,101,493.8,0.3548,22.98,22.98
654,Peat Database,62.38,-106.08,1977,NT,fen,126,Y,1090.1,4,126,1090,0.149,44.93,57.1
655,Peat Database,61.5,-108,1977,NT,NA,116,Y,705.1,3,116,705.1,0.09333333333333334,50.54666666666667,58.66666666666667
656,Peat Database,49.0626,-113.744,NA,AB,fen,132.1,N,698.5,3,132.1,698.4,0.13333333333333333,41.65,41.65
657,Peat Database,56.91,-94.38,1974,MB,NA,40,N,219,6,78,538.3,0.7911666666666667,25.288333333333334,27.433333333333334
658,Peat Database,58.8,-115.9,NA,AB,NA,61,Y,231.3,4,61,231.2,0.079,48,48
659,Peat Database,58.51,-116.57,NA,AB,fen,101.6,N,654.2,5,101.60000000000001,654.3,0.129,48.7775,48.7775
660,Peat Database,58.51,-116.57,NA,AB,fen,114.3,N,433.3,5,127,455.4,0.17475000000000002,36.9425,36.9425
661,Peat Database,58.73,-122.48,1967,BC,bog,162.6,Y,1396.8,6,162.6,1396.8,0.167,47.028333333333336,47.028333333333336
662,Peat Database,58.75,-122.43,1967,BC,NA,134.6,Y,671,4,134.6,671,0.10575,48.97,48.97
663,Peat Database,58.83,-122.9,1967,BC,NA,109.2,N,689.7,6,152.4,747.5,0.49116666666666664,31.255,31.255
664,Peat Database,58.9,-122.98,1967,BC,NA,40.6,N,285.5,7,115.8,698.6,0.8998571428571428,22.38,22.38
665,Peat Database,58.9,-122.98,1967,BC,NA,61,N,376.5,5,111.8,419.1,0.6822,22.446,22.446
666,Peat Database,56.73,-111.275,1976,AB,NA,40,N,173.8,5,75,366.1,1.11625,14.8125,14.8125
667,Peat Database,57.464,-111.205,1978,AB,fen,180,N,981.9,5,180,981.9,0.11474999999999999,43.38,47.7825
668,Peat Database,56.744,-112.497,1978,AB,fen,200,N,1232.8,5,200,1232.8,0.1154,48.704,53.71
669,Peat Database,56.73,-112.537,1978,AB,fen,200,N,1252.8,4,200,1252.7,0.111,48.795,57.505
670,Peat Database,56.73,-112.537,1978,AB,fen,200,N,1181,5,200,1180.9,0.107,48.764,54.882
671,Peat Database,56.744,-112.617,1978,AB,fen,280,N,1578.5,7,280,1578.5,0.11516666666666667,46.04166666666667,50.781666666666666
672,Peat Database,56.723,-112.63,1978,AB,fen,200,N,1018.2,5,200,1018.2,0.0942,50.248,54.088
673,Peat Database,56.701,-112.55,1978,AB,fen,90,N,815.2,4,90,815.1,0.16566666666666668,42.910000000000004,54.93666666666667
674,Peat Database,57.035,-111.032,1978,AB,bog,80,N,295.1,4,80,295.2,0.079,48,46.51
675,Peat Database,57.152,-110.871,1978,AB,bog,160,N,676.4,3,160,676.4,0.08633333333333333,48,50.03666666666667
676,Peat Database,56.548,-111.315,1978,AB,bog,90,N,475.8,4,125,591.5,0.3035,35.3275,38.0375
677,Peat Database,57.392,-111.3,1978,AB,bog,160,N,1072.1,4,160,1072.1,0.1285,43.6775,52.1275
678,Peat Database,56.737,-112.484,1978,AB,bog,240,N,1381,7,240,1381,0.10233333333333333,47.77166666666667,52.42666666666667
679,Peat Database,56.715,-112.458,1978,AB,fen,90,N,673.5,4,90,673.5,0.13,45.36333333333334,52.526666666666664
680,Peat Database,56.679,-112.537,1978,AB,bog,145,N,849.2,6,180,964.9,0.236,40.343333333333334,45.145
681,Peat Database,57.566,-112.735,1978,AB,bog,50,N,80.5,2,80,239,0.599,25.885,12.549999999999999
682,Peat Database,58.068,-110.855,1979,AB,bog,335,N,2005,6,335,2005.1,0.11516666666666667,45.425,52.88166666666667
683,Peat Database,57.014,-111.032,1978,AB,bog,105,Y,941.3,5,115,992.1,0.23975000000000002,34.2175,41.14
684,Peat Database,56.737,-112.591,1978,AB,bog,160,Y,813,5,160,813,0.1032,46.774,49.208
685,Peat Database,56.701,-112.604,1978,AB,bog,500,Y,2338.1,7,500,2338.1,0.09585714285714286,48.54,49.69714285714286
686,Peat Database,56.723,-112.63,1978,AB,bog,90,Y,492.2,3,90,492.2,0.10033333333333333,49.016666666666666,54.166666666666664
687,Peat Database,57.584,-112.796,1978,AB,bog,80,Y,369.8,2,80,369.70000000000005,0.08499999999999999,50.425,53.135000000000005
688,Peat Database,57.617,-112.065,1979,AB,bog,110,Y,763.3,4,110,763.3,0.10533333333333333,44.91,57.56
689,Peat Database,57.828,-112.42,1979,AB,bog,316,Y,1756.4,7,316,1756.4,0.11933333333333333,46.23166666666667,50.25666666666667
690,Peat Database,56.512,-110.863,1979,AB,bog,365,Y,1795.1,4,365,1795.1,0.09366666666666668,49.983333333333334,52.07
691,Peat Database,57.261,-111.232,1979,AB,bog,220,Y,1288,11,220,1288.1,0.1091,47.936,52.507
692,Peat Database,56.345,-112.527,1979,AB,bog,325,Y,2098,8,325,2097.9,0.12757142857142856,46.85285714285714,53.019999999999996
693,Peat Database,57.217,-112.383,1979,AB,bog,155,Y,810.3,6,200,959.1,0.25633333333333336,37.785,37.205
694,Peat Database,57.217,-112.613,1979,AB,bog,190,Y,1071.2,6,250,1269.7,0.23983333333333334,38.5,41.04666666666667
695,Peat Database,59.757,-119.513,1989,AB,bog,160,Y,593.7,3,160,593.7,0.097,40.93333333333334,40.93333333333334
696,Peat Database,61.603,-121.093,1989,NT,bog,165,Y,1013.4,5,165,1013.3,0.17750000000000002,31.128,36.725
697,Peat Database,61.602,-121.609,1989,NT,bog,165,Y,915.7,4,165,915.6,0.184,25.1025,33.166666666666664
698,Peat Database,61.191,-120.706,1989,NT,bog,160,Y,654.4,3,160,654.3,0.10033333333333333,39.733333333333334,39.733333333333334
699,Peat Database,60.565,-120.287,1989,NT,fen,243,N,1123.5,3,243,1123.5,0.111,28.67666666666667,41.6
700,Peat Database,75.07,-98.7,1975,NU,NA,70,Y,309.1,4,70,309.09999999999997,0.2753333333333333,25.15,25.15
701,Peat Database,75.42,-99.55,1975,NU,NA,120,Y,927.6,4,120,927.5,0.344,23.143333333333334,23.143333333333334
702,Peat Database,75.3,-99.68,1975,NU,NA,80,Y,545.7,3,80,545.8,0.285,23.490000000000002,23.490000000000002
703,Peat Database,75.87,-102.7,1975,NU,NA,74,Y,224.8,4,74,443.1,0.6663333333333333,22.97,20.096666666666668
704,Peat Database,76.22,-101.42,1975,NU,NA,80,Y,398.6,4,80,398.6,0.25866666666666666,35.843333333333334,20.25
705,Peat Database,76.63,-104.43,1975,NU,NA,68,Y,293.7,3,78,316.3,0.6213333333333333,21.613333333333333,14.65
706,Peat Database,75.87,-100.58,1975,NU,NA,248,Y,1357.6,4,270,1423.5,0.353,20.8625,16.545
707,Peat Database,74.08,-96.15,1975,NU,NA,75,Y,292,3,75,291.9,0.1065,44.629999999999995,34.83
708,Peat Database,75.38,-94.73,1975,NU,NA,110,Y,540.5,3,140,597.3,0.2753333333333333,25.296666666666667,25.33
709,Peat Database,70.35,-95.63,1974,NU,NA,75,Y,311.3,4,75,311.3,0.10133333333333333,47.94,41.51
710,Peat Database,75.67,-97.67,1975,NU,bog,130,Y,273.1,4,150,333.5,0.23450000000000001,32.915,35.8675
711,Peat Database,66.03,-94.3,1976,NU,NA,58,Y,95.2,4,110,423.1,0.7715,26.3525,12.1925
712,Peat Database,54.5,-101.37,1968,MB,NA,226,Y,1096.6,5,352,1377.1,0.45940000000000003,29.414,31.154
713,Peat Database,57.03,-92.52,1970,MB,NA,142,Y,340.2,4,180,518.4,0.323,36.0075,36.5
714,Peat Database,54.52,-101.37,NA,MB,NA,48,Y,209.2,6,343,2032.2,0.43699999999999994,26.852,33.374
715,Peat Database,54.52,-101.37,NA,MB,NA,188,Y,920.5,5,525,2912.1,0.6744,26.16,30.348
716,Peat Database,54.52,-101.37,NA,MB,fen,100,N,806,4,243,2073.7,0.25766666666666665,27.266666666666666,34.36666666666667
717,Peat Database,54.52,-101.37,NA,MB,bog,76,N,396.7,5,279,1269.3,0.30925,24.4175,27.535
718,Peat Database,61.48,-125.03,1972,NT,bog,265,Y,1775.7,5,300,1891.5,0.261,39.152,49.434
719,Peat Database,57.005,-92.319,1970,MB,fen,61,N,250.9,7,86,325.7,0.36628571428571427,14.028571428571428,14.028571428571428
720,Peat Database,57.005,-92.319,1970,MB,fen,80,N,473,4,80,473,0.23866666666666664,21.849999999999998,28.266666666666666
721,Peat Database,57.005,-92.319,1970,MB,fen,94,Y,445.6,6,165,604.1,0.2885,24.571666666666665,24.571666666666665
722,Peat Database,57.005,-92.319,1970,MB,bog,84,Y,448.8,5,122,574.5,0.2608,42.674,42.674
723,Peat Database,63.98,-138.77,1975,YT,bog,80,Y,301.4,5,120,377.1,0.1644,34.86,34.86
724,Peat Database,68.32,-133.42,1975,NT,bog,300,Y,1365.7,7,300,1365.7,0.133,36.68571428571428,36.68571428571428
725,Peat Database,69.43,-133.02,1975,NT,bog,215,Y,973.5,6,288,1039.8,0.3136,34.174,34.174
726,Peat Database,65.213,-127.017,2008,NT,bog,132,Y,1112,8,158,1157.2,0.21275,36.6625,35.875
727,Peat Database,65.213,-127.016,2008,NT,bog,159,Y,1259.3,7,170,1291.7,0.25671428571428573,40.47571428571428,39.97857142857143
728,Peat Database,65.213,-127.018,2008,NT,bog,129,Y,1850.1,7,158,1876.1,0.466,28.86,28.395714285714288
729,Peat Database,65.214,-127.018,2008,NT,bog,219,Y,1431.9,7,219,1432,0.14642857142857144,42.214285714285715,41.82857142857143
730,Peat Database,65.24,-127.004,2008,NT,bog,177,Y,935.8,6,210,1121.6,0.4201666666666667,33.983333333333334,33.43333333333333
731,Peat Database,65.212,-127.013,2008,NT,bog,150,Y,1116.2,7,166,1168.1,0.26285714285714284,37.885714285714286,37.17142857142857
732,Peat Database,51.123,-97.044,1972,MB,fen,137,N,913.6,5,137,913.5,0.1225,42.2175,48.2
733,Peat Database,51.137,-97.068,1972,MB,fen,85,N,350.8,7,90,540.8,0.26033333333333336,28.493333333333332,32.083333333333336
734,Peat Database,51.13,-97.103,1972,MB,bog,75,N,254.6,4,82,275.5,0.34933333333333333,32.156666666666666,32.06666666666667
735,Peat Database,51.174,-97.097,1972,MB,bog,178,N,776,6,185,803.1,0.21966666666666668,38.73833333333333,43.15
736,Peat Database,52.795,-101.036,1972,MB,fen,65,N,391.5,4,65,391.6,0.12,42.855000000000004,48.1
737,Peat Database,52.853,-101.054,1972,MB,bog,90,N,450,7,90,450.1,0.129,43.21333333333333,44.65
738,Peat Database,68.323,-133.435,2007,NT,bog,379,Y,2002.9,10,379,2002.8,0.1281,45.35,45.35
739,Peat Database,68.33,-133.435,2007,NT,bog,56,Y,204.9,5,56,204.8,0.079,46.4,46.4
740,Peat Database,68.33,-133.435,2007,NT,bog,271,Y,1247.2,8,271,1247.2,0.0975,47,47
741,Peat Database,68.325,-133.435,2007,NT,bog,196,Y,842.5,15,209,890.3,0.13393333333333335,42.58733333333333,42.58733333333333
742,Peat Database,63.12,-85.3,NA,NU,fen,50,Y,156.8,5,50,156.79999999999998,0.079,32.84,40.3
743,Peat Database,50.57,-127.12,1982,BC,bog,320,N,1617.8,5,320,1617.8,0.1075,52.95,52.95
744,Peat Database,50.57,-127.12,1982,BC,bog,255,N,1778,4,255,1778,0.13033333333333333,41.575,51.93333333333333
745,Peat Database,50.57,-127.12,1982,BC,bog,216,N,1094.8,4,216,1094.8000000000002,0.10033333333333333,49.31333333333333,49.31333333333333
746,Peat Database,50.57,-127.12,1982,BC,bog,150,N,776.8,4,150,776.8,0.10433333333333333,49.29333333333333,49.29333333333333
747,Peat Database,50.57,-127.12,1982,BC,bog,105,N,515.4,4,105,515.5,0.09366666666666666,49.31333333333333,49.31333333333333
748,Peat Database,50.78,-127.88,1982,BC,bog,42,N,279.8,3,42,279.8,0.1745,41,41
749,Peat Database,50.78,-127.88,1982,BC,bog,55,N,230.3,3,55,230.3,0.08499999999999999,48.96,48.96
750,Peat Database,50.78,-127.88,1982,BC,bog,44,N,192,3,44,191.89999999999998,0.11249999999999999,40.58,40.58
751,Peat Database,50.78,-127.88,1982,BC,bog,40,N,173.7,3,40,173.6,0.11249999999999999,40.58,40.58
752,Peat Database,50.77,-127.9,1982,BC,bog,50,N,211.4,3,50,211.4,0.08499999999999999,48.095,48.095
753,Peat Database,50.77,-127.9,1982,BC,bog,164,N,828.7,4,164,828.7,0.09366666666666666,47.47,47.47
754,Peat Database,50.77,-127.9,1982,BC,bog,235,N,1391.8,6,235,1391.7,0.1266,48.339999999999996,48.339999999999996
755,Peat Database,50.77,-127.9,1982,BC,bog,200,N,1060.7,4,200,1060.8,0.10875,47.6975,47.6975
756,Peat Database,50.77,-127.9,1982,BC,bog,130,N,673.5,5,130,673.5,0.10300000000000001,48.1425,48.1425
757,Peat Database,50.77,-127.9,1982,BC,bog,100,N,474.2,4,100,474.2,0.11474999999999999,44.4325,44.4325
758,Peat Database,50.78,-128,1982,BC,bog,153,N,764.5,4,153,764.5,0.10533333333333333,50.800000000000004,50.800000000000004
759,Peat Database,50.78,-128,1982,BC,bog,150,N,871.1,4,150,871.1,0.12266666666666666,47.806666666666665,47.806666666666665
760,Peat Database,50.78,-128,1982,BC,bog,129,N,737.7,5,129,737.8,0.098,53.575,53.575
761,Peat Database,50.77,-128.35,1982,BC,fen,75,N,423.3,3,84,447.40000000000003,0.3735,9.2,12.8
762,Peat Database,50.77,-128.35,1982,BC,fen,64,N,401.4,3,85,533.3,0.3735,12.666666666666666,17.8
763,Peat Database,50.77,-128.35,1982,BC,fen,123,N,664,3,123,664.1,0.111,49.08,49.08
764,Peat Database,50.77,-128.35,1982,BC,fen,60,N,267.5,4,60,267.5,0.09766666666666667,48.699999999999996,48.699999999999996
765,Peat Database,51.22,-127.6,1982,BC,bog,150,N,885.4,4,150,885.3000000000001,0.11599999999999999,47.833333333333336,47.833333333333336
766,Peat Database,51.22,-127.6,1982,BC,bog,70,N,296.8,3,70,296.79999999999995,0.11249999999999999,40.58,40.58
767,Peat Database,51.22,-127.6,1982,BC,bog,143,N,675.1,4,143,675.1,0.112,29.4975,37.46666666666667
768,Peat Database,51.22,-127.6,1982,BC,bog,121,N,570.7,3,121,570.7,0.1185,40.55,40.55
769,Peat Database,51.22,-127.6,1982,BC,bog,223,N,1801.4,4,223,1801.4,0.157,29.150000000000002,36.9
770,Peat Database,51.22,-127.6,1982,BC,bog,355,N,1966.7,4,355,1966.8000000000002,0.10766666666666666,47.38666666666666,47.38666666666666
771,Peat Database,51.22,-127.6,1982,BC,bog,243,N,1407,3,243,1406.9,0.122,47.08,47.08
772,Peat Database,52.12,-128.2,1982,BC,bog,294,N,1683.2,4,294,1683.1999999999998,0.11966666666666666,37.9,37.9
773,Peat Database,52.12,-128.2,1982,BC,bog,397,N,2976.3,4,397,2976.2,0.14266666666666666,47.76,47.76
774,Peat Database,49.42,-126.42,1982,BC,bog,467,N,2790.4,5,467,2790.5,0.1745,34.925,34.925
775,Peat Database,49.42,-126.42,1982,BC,bog,681,N,4889,6,700,4904.4,0.2725,29.5,29.5
776,Peat Database,49.42,-126.42,1982,BC,bog,140,N,716.5,3,140,716.5,0.101,49.97,49.97
777,Peat Database,49.42,-126.42,1982,BC,bog,65,N,596.4,2,65,596.4,0.203,45.2,45.2
778,Peat Database,49.42,-126.42,1982,BC,bog,60,N,260.7,2,60,260.7,0.091,47.94,47.94
779,Peat Database,49.42,-126.42,1982,BC,bog,352,N,1973.9,5,352,1973.8999999999999,0.15175,37.425,37.425
780,Peat Database,49.27,-126.12,1982,BC,bog,123,N,522.1,4,133,580.3,0.2703333333333333,16.75,20.96666666666667
781,Peat Database,49.27,-126.12,1982,BC,bog,120,N,628.6,4,120,628.5,0.104,48.63666666666666,48.63666666666666
782,Peat Database,49.27,-126.12,1982,BC,bog,162,N,887.2,4,162,887.2,0.17266666666666666,37.800000000000004,37.800000000000004
783,Peat Database,49.27,-126.12,1982,BC,bog,150,N,870.3,4,150,870.4,0.13466666666666666,47.04666666666667,47.04666666666667
784,Peat Database,49.27,-126.12,1982,BC,bog,220,N,1428.6,5,220,1428.7,0.1375,43.144999999999996,43.144999999999996
785,Peat Database,49.92,-124.3,1982,BC,fen,179,N,654.3,7,235,715.7,0.41433333333333333,10.044285714285714,11.715
786,Peat Database,49.92,-124.3,1982,BC,fen,219,N,1180.5,4,238,1203.2,0.228,24.825,33
787,Peat Database,49.92,-124.3,1982,BC,fen,223,N,1490.3,3,223,1490.3,0.132,48.955,48.955
788,Peat Database,49.92,-124.3,1982,BC,fen,241,N,1339.9,3,241,1339.9,0.111,49.97,49.97
789,Peat Database,49.92,-124.3,1982,BC,fen,133,N,739.4,2,133,739.4,0.111,49.97,49.97
790,Peat Database,49.92,-124.3,1982,BC,fen,60,N,251.3,2,60,251.3,0.091,46.22,46.22
791,Peat Database,49.92,-124.3,1982,BC,fen,210,N,1167.5,3,210,1167.6,0.111,49.97,49.97
792,Peat Database,49.87,-124.27,1982,BC,fen,60,N,270.6,3,105,584.3,0.304,18.366666666666667,23
793,Peat Database,49.87,-124.27,1982,BC,fen,246,N,1787.2,3,246,1787.2,0.157,47.585,47.585
794,Peat Database,49.87,-124.27,1982,BC,fen,80,N,563.9,2,80,563.9,0.153,46.22,46.22
795,Peat Database,49.87,-124.27,1982,BC,fen,65,N,272.2,2,65,272.2,0.091,46.22,46.22
796,Peat Database,49.87,-124.25,1982,BC,bog,545,N,2353.5,7,545,2353.5,0.10466666666666667,39.98714285714286,45.61833333333333
797,Peat Database,49.87,-124.25,1982,BC,bog,348,N,1862.8,7,348,1862.8999999999999,0.1115,46.839999999999996,46.839999999999996
798,Peat Database,49.87,-124.25,1982,BC,fen,175,N,969.2,4,175,969.1,0.149,26.575,34.8
799,Peat Database,50.18,-125.2,1982,BC,fen,324,N,1908,6,324,1908,0.1672,32.71666666666667,38.76
800,Peat Database,50.18,-125.2,1982,BC,fen,310,N,2367.3,6,310,2367.3,0.1548,44.7,44.7
801,Peat Database,50.18,-125.2,1982,BC,fen,247,N,1578.7,5,247,1578.7,0.14275,44.575,44.575
802,Peat Database,53.92,-131.32,1982,BC,bog,237,N,1373.4,4,237,1373.3,0.11133333333333334,52.233333333333334,52.233333333333334
803,Peat Database,53.92,-131.32,1982,BC,bog,242,N,1549.9,5,242,1549.9,0.129,45.3,45.3
804,Peat Database,53.92,-131.32,1982,BC,bog,257,N,1437.5,4,257,1437.6,0.13,43.01333333333333,43.01333333333333
805,Peat Database,53.92,-131.32,1982,BC,bog,122,N,522.7,4,122,522.6999999999999,0.10133333333333333,46.72,46.72
806,Peat Database,53.92,-131.32,1982,BC,bog,190,N,1244.8,3,190,1244.7,0.1745,39.18,39.18
807,Peat Database,53.92,-131.32,1982,BC,bog,157,N,1007,3,157,1007,0.1745,39.18,39.18
808,Peat Database,53.92,-131.32,1982,BC,bog,147,N,1145.1,3,147,1145.1,0.1745,39.18,39.18
809,Peat Database,53.08,-132.53,1982,BC,bog,375,N,1875.8,5,375,1875.9,0.10125,49.230000000000004,49.230000000000004
810,Peat Database,53.08,-132.53,1982,BC,bog,250,N,1399.4,4,250,1399.5,0.11833333333333333,47.47,47.47
811,Peat Database,53.08,-132.53,1982,BC,bog,300,N,2174.2,4,300,2174.3,0.17233333333333334,46.79,46.79
812,Peat Database,53.08,-132.53,1982,BC,bog,50,N,458.8,1,50,458.8,0.203,45.2,45.2
813,Peat Database,53.08,-132.53,1982,BC,bog,202,N,1109,4,225,1254.2,0.2895,40.45,40.45
814,Peat Database,53.48,-131.85,1982,BC,bog,151,N,720.5,4,151,720.5,0.13849999999999998,47.65,47.65
815,Peat Database,53.48,-131.85,1982,BC,bog,220,N,1845.3,4,250,1944.5,0.3575,31.8325,31.8325
816,Peat Database,53.48,-131.85,1982,BC,bog,137,N,666.5,3,137,666.5,0.11249999999999999,35.1,48.3
817,Peat Database,53.48,-131.85,1982,BC,bog,40,N,187.1,3,50,220.2,0.37166666666666665,27.716666666666665,27.716666666666665
818,Peat Database,53.48,-131.85,1982,BC,bog,40,N,178.1,4,45,194.60000000000002,0.36766666666666664,31.89,31.89
819,Peat Database,53.48,-131.85,1982,BC,bog,120,N,977,5,120,977,0.15775,42.89,42.89
820,Peat Database,53.95,-131.92,1982,BC,bog,271,N,1469.2,4,300,1604.1,0.295,40.125,40.125
821,Peat Database,53.95,-131.92,1982,BC,bog,495,N,4326.8,5,500,4336.2,0.23,37.54,37.54
822,Peat Database,53.95,-131.92,1982,BC,bog,250,N,1305.2,6,250,1305.3,0.133,45.968,45.968
823,Peat Database,53.95,-131.92,1982,BC,bog,150,N,1439.5,4,150,1439.4,0.2235,45.2,45.2
824,Peat Database,53.95,-131.92,1982,BC,bog,127,N,723,5,127,722.9000000000001,0.12375,38.38,45.675
825,Peat Database,53.95,-131.92,1982,BC,bog,84,N,498,5,84,498,0.1506,43.556,43.556
826,Peat Database,53.95,-131.92,1982,BC,bog,90,N,652.4,4,90,652.4,0.18875,42.19,42.19
827,Peat Database,66.75,-64.7,NA,NU,fen,50,Y,175.8,3,60,231.2,0.20666666666666667,33.56666666666667,33.56666666666667
828,Peat Database,82.1,-68.67,NA,NU,fen,40,Y,144.7,4,70,189,0.20666666666666667,32.13333333333333,32.13333333333333
829,Peat Database,70.35,-95.63,NA,NU,fen,75,Y,241.1,4,100,414.29999999999995,0.17475000000000002,37.28,34.8825
830,Peat Database,61.78,-107.87,NA,NT,bog,116,Y,705.1,3,116,705.1,0.09333333333333334,50.54666666666667,58.66666666666667
831,Peat Database,46.037,-66.324,NA,NB,bog,80,N,92.9,6,80,92.9,0.0316,31.841666666666665,35.292
832,Peat Database,46.038,-66.326,NA,NB,bog,250,N,385.7,6,250,385.7,0.0694,33.292,33.292
833,Peat Database,46.038,-66.327,NA,NB,bog,350,N,1290.3,10,350,1290.3,0.10177777777777777,41.86555555555555,41.86555555555555
834,Peat Database,45.983,-67.619,NA,NB,fen,240,N,945.7,8,240,1012.1,0.206,26.47714285714286,26.47714285714286
835,Peat Database,45.984,-67.619,NA,NB,fen,200,N,774.4,5,200,774.4,0.10625,33.3025,33.3025
836,Peat Database,45.985,-67.619,NA,NB,bog,230,N,1139.5,6,230,1139.6,0.1098,38.992,38.992
837,Peat Database,45.986,-67.619,NA,NB,bog,250,N,977.8,6,250,977.8,0.09820000000000001,37.984,37.984
838,Peat Database,45.987,-67.619,NA,NB,bog,270,N,1180.9,8,270,1181,0.10457142857142858,41.354285714285716,41.354285714285716
839,Peat Database,45.988,-67.619,NA,NB,bog,290,N,1173.7,8,290,1173.7,0.09971428571428571,37.754285714285714,37.754285714285714
840,Peat Database,62.38,-106.08,NA,NT,bog,126,Y,1000.2,4,126,1000.2,0.13866666666666666,44.93,57.1
841,Peat Database,54.2,-129.97,1980,BC,bog,171,N,817.7,4,200,877.4,0.19125,36.925,36.5875
842,Peat Database,54.2,-129.97,1980,BC,NA,77,N,416.4,3,85,431.5,0.22133333333333333,33.54,34.52333333333333
843,Peat Database,54.27,-130.27,1980,BC,bog,175,N,754.3,3,175,754.3,0.09,50.71,42.825
844,Peat Database,54.3,-130.3,1980,BC,bog,100,N,344.4,3,100,344.4,0.079,51.415,44.504999999999995
845,Peat Database,53.6,-131.97,1980,BC,bog,200,N,1054.2,7,225,1090.5,0.21057142857142858,34.90714285714286,34.65
846,Peat Database,53.63,-132.05,1980,BC,fen,190,N,1033.9,5,190,1033.9,0.10975,46.2375,45.1875
847,Peat Database,52.92,-132.32,1980,BC,bog,300,N,1324,5,300,1323.9,0.106,46.825,40.989999999999995
848,Peat Database,50.77,-128.07,1980,BC,NA,85,N,378.9,6,85,378.8,0.1098,43.443999999999996,46.57
849,Peat Database,52.721,-83.941,NA,ON,bog,210,N,956.4,50,210,956.6,0.095,48.5074,48.5074
850,Peat Database,52.721,-83.941,NA,ON,bog,220,N,1018.6,9,220,1018.7,0.12333333333333334,46.23777777777778,41.24666666666667
851,Peat Database,52.721,-83.94,NA,ON,fen,211,N,846.5,51,211,846.7,0.08235294117647059,48.72078431372549,48.72078431372549
852,Peat Database,52.721,-83.937,NA,ON,fen,207,N,889.7,50,207,889.8,0.0872,49.6496,49.6496
853,Peat Database,52.721,-83.937,NA,ON,fen,200,N,780.3,8,200,780.1999999999999,0.089875,48.08,44.54125
854,Peat Database,52.721,-83.935,NA,ON,fen,180,N,827.5,43,180,827.3,0.09093023255813953,51.04441860465116,51.04441860465116
855,Peat Database,52.713,-84.173,NA,ON,fen,262,N,1268.1,63,262,1268.4,0.09523809523809523,50.855396825396824,50.855396825396824
856,Peat Database,52.713,-84.17,NA,ON,fen,232,N,1367.6,56,232,1368,0.11875000000000001,49.61482142857143,49.61482142857143
857,Peat Database,52.707,-84.185,NA,ON,bog,311,N,1261.4,75,311,1261.7,0.0808,50.29173333333333,50.29173333333333
858,Peat Database,52.704,-84.182,NA,ON,bog,286,N,1083.2,69,286,1083,0.07594202898550725,49.782753623188405,49.782753623188405
859,Peat Database,51.55,-81.816,NA,ON,bog,297,N,1282.1,60,297,1282.3,0.08681666666666667,49.9165,49.9165
860,Peat Database,51.589,-81.786,NA,ON,bog,176,N,810.2,40,176,810.1,0.09275,49.0345,49.0345
861,Peat Database,51.587,-81.779,NA,ON,fen,131,N,718.9,32,131,718.8,0.1084375,49.96875,49.96875
862,Peat Database,54.676,-84.6,NA,ON,fen,269,N,1214.8,64,269,1214.8,0.0871875,51.68734375,51.68734375
863,Peat Database,54.753,-84.527,NA,ON,fen,93,N,716.1,22,93,716.2,0.16727272727272727,46.753181818181815,46.753181818181815
864,Peat Database,54.753,-84.5,NA,ON,fen,105,N,689.2,25,105,689.5,0.134,49.3708,49.3708
865,Peat Database,55.238,-84.319,NA,ON,fen,42,N,206.1,10,42,206.3,0.10200000000000001,48.255,48.255
866,Peat Database,55.23,-84.327,NA,ON,fen,45,N,233.2,11,45,233.20000000000002,0.10818181818181818,47.98,47.98
867,Peat Database,55.228,-84.333,NA,ON,fen,44,N,217.9,11,44,217.8,0.10272727272727272,48.094545454545454,48.094545454545454
868,Peat Database,50.943,-80.326,NA,ON,bog,259,N,920.6,47,264,947.4,0.08146808510638298,49.26510638297872,49.26510638297872
869,Peat Database,54.244,-87.74,NA,ON,bog,235,N,1053.3,55,235,1053,0.09561818181818182,48.12654545454546,48.12654545454546
870,Peat Database,51.179,-86.712,NA,ON,bog,297,N,1645.5,70,297,1645.6,0.11055714285714285,50.79457142857143,50.79457142857143
871,Peat Database,52.6934,-83.9442,NA,ON,bog,221,N,930,9,221,930,0.09777777777777778,49.516666666666666,43.736666666666665
872,Peat Database,52.6934,-83.9442,NA,ON,bog,231,N,1005.6,10,231,1005.6,0.13,47.722,40.641000000000005
873,Peat Database,52.6934,-83.9442,NA,ON,bog,212,N,916.5,9,212,916.6999999999999,0.10333333333333333,49.73444444444444,43.254444444444445
874,Peat Database,52.6992,-83.955,NA,ON,fen,183,N,931.2,8,183,931.3,0.11875000000000001,49.019999999999996,42.17375
875,Peat Database,52.701,-83.955,NA,ON,fen,167,N,906.2,7,167,906.3,0.12714285714285714,49.69571428571429,42.26
876,Peat Database,52.701,-83.955,NA,ON,fen,176,N,911.6,7,176,911.6,0.12428571428571429,49.31142857142857,41.89857142857143
877,Peat Database,52.6746,-84.0168,NA,ON,bog,231,N,1015.5,10,231,1015.6,0.10300000000000001,49.245,43.174
878,Peat Database,52.7082,-84.0027,NA,ON,fen,219,N,627.4,9,219,627.3,0.07111111111111111,49.30222222222222,41.99888888888889
879,Peat Database,52.759,-84.1433,NA,ON,bog,224,N,649,10,224,649.1,0.07300000000000001,47.164,40.585
880,Peat Database,52.62,-84.12,NA,ON,bog,240,N,573.8,9,240,573.8,0.061111111111111116,48.00111111111111,40.312222222222225
881,Peat Database,52.716,-84.2531,NA,ON,fen,201,N,802.9,9,201,802.9,0.09888888888888889,48.595555555555556,40.934444444444445
882,Peat Database,52.7149,-84.3213,NA,ON,fen,215,N,721,8,215,721.1,0.083875,48.917500000000004,42.7375
883,Peat Database,52.5423,-84.579,NA,ON,fen,129,N,439.8,5,129,439.9,0.086,47.082,43.722
884,Peat Database,52.4815,-84.6647,NA,ON,bog,280,N,902.8,12,280,902.9,0.0725,48.51166666666667,44.735
885,Peat Database,52.6517,-84.5761,NA,ON,bog,257,N,762.8,10,257,762.9,0.07100000000000001,49.308,42.323
886,Peat Database,52.8113,-84.4502,NA,ON,bog,260,N,911,10,260,910.9,0.083,49.549,42.797
887,Peat Database,52.7541,-84.3549,NA,ON,fen,238,N,893.3,10,238,893.3,0.093,50.123999999999995,42.804
888,Peat Database,52.7921,-84.3453,NA,ON,bog,138,N,573,5,138,573,0.0998,47.572,43.934
889,Peat Database,51.587,-81.7708,NA,ON,bog,180,N,768.4,4,180,768.2,0.08025,48.165,46.5675
890,Peat Database,50.3884,-85.2902,NA,ON,bog,300,N,1199.6,11,300,1199.7,0.08536363636363636,50.595454545454544,47.03545454545455
891,Peat Database,50.3884,-85.2902,NA,ON,bog,122,N,585.3,5,122,585.3,0.1058,48.83,45.664
892,Peat Database,55.2324,-84.3281,NA,ON,fen,44,N,151,2,44,151,0.08,46.2,42.995000000000005
893,Peat Database,55.2315,-84.3275,NA,ON,fen,49,N,165.7,2,49,165.7,0.08,45.754999999999995,42.135
894,Peat Database,55.2305,-84.3271,NA,ON,fen,61,N,207.9,3,61,207.9,0.08,47.093333333333334,42.623333333333335
895,Peat Database,55.228,-84.3351,NA,ON,fen,41,N,162,2,41,162,0.135,36.835,33.6
896,Peat Database,49.993,-79.9,NA,ON,bog,120.5,N,674.6,26,150,798.8,0.18307692307692308,44.46346153846154,44.46346153846154
897,Peat Database,51.55,-81.814,NA,ON,bog,254,N,961.8,49,264,995,0.09142857142857143,49.044285714285714,49.044285714285714
898,Peat Database,52.7123,-84.1714,2009,ON,fen,245,N,1062.5,81,245,1062.3,0.09419753086419753,45.93913580246914,45.93913580246914
899,Peat Database,52.706,-84.183,2009,ON,bog,304,N,1227.9,118,304,1228,0.08652542372881356,46.181525423728814,46.181525423728814
900,Peat Database,51.593,-81.764,2009,ON,fen,246,N,1052.5,55,246,1052.7,0.08454545454545455,49.31490909090909,49.31490909090909
901,Peat Database,54.61,-84.6,2011,ON,bog,230,N,927.6,58,230,927.6,0.08344827586206896,50.58931034482759,50.58931034482759
902,Peat Database,50.527,-63.205,2016,QC,bog,426,N,3739.5,428,428,3746.8,0.1741892523364486,52.168247663551405,52.168247663551405
903,Peat Database,50.805,-63.342,2016,QC,bog,228,N,1236.5,228,228,1236.6,0.1269122807017544,44.740745614035085,44.740745614035085
904,Peat Database,51.816,-63.693,2016,QC,fen,106,Y,574.4,108,108,589.7,0.12484259259259259,46.48,46.48
905,Peat Database,49.551,-78.986,2017,QC,bog,42,N,271.9,50,50,330.8,0.3444,33.7154,33.7154
906,Peat Database,49.551,-78.986,2017,QC,bog,70,N,482.3,80,80,517.9,0.288075,41.199,41.199
907,Peat Database,49.551,-78.986,2017,QC,bog,96,N,689.6,98,98,693.6,0.1718673469387755,47.294591836734696,47.294591836734696
908,Peat Database,52.724,-72.213,2016,QC,fen,125,N,620.5,125,125,621,0.098928,50.35416,50.35416
909,Peat Database,52.724,-72.213,2016,QC,fen,195,N,1209.4,195,195,1208.9,0.1236051282051282,49.9845641025641,49.9845641025641
910,Peat Database,52.724,-72.213,2016,QC,fen,116,N,696.5,116,116,696.6,0.11711206896551724,51.29163793103448,51.29163793103448
911,Peat Database,52.648,-72.191,2016,QC,fen,130,N,714,130,130,713.5,0.13217692307692308,42.66653846153846,42.66653846153846
912,Peat Database,52.648,-72.191,2016,QC,fen,203,N,963.3,203,203,964.1,0.10914285714285714,43.435418719211825,43.435418719211825
913,Peat Database,52.648,-72.191,2016,QC,fen,149,N,780.1,149,149,780.1,0.10344295302013423,50.76,50.76
914,Peat Database,49.172,-79.37,2015,QC,bog,396,N,1578.1,396,396,1578.5,0.08028535353535353,49.864570707070705,49.864570707070705
915,Peat Database,49.172,-79.37,2015,QC,bog,242,N,1787.6,244,244,1800.2,0.16414344262295083,46.439959016393445,46.439959016393445
916,Peat Database,49.172,-79.37,2015,QC,bog,146,N,991,146,146,991.2,0.16174657534246575,43.6258904109589,43.6258904109589
917,Peat Database,49.421,-79.003,2015,QC,bog,141,N,875.3,141,141,875.2,0.12997872340425531,48.22141843971631,48.22141843971631
918,Peat Database,49.421,-79.003,2015,QC,bog,96,N,742.1,96,96,742.3000000000001,0.16383333333333333,47.711666666666666,47.711666666666666
919,Peat Database,49.421,-79.003,2015,QC,bog,79,N,645.2,80,80,654.3,0.1839125,45.948875,45.948875
920,Peat Database,49.109,-68.2397,2011,QC,bog,505,N,1669.2,605,505,1670.2,0.06470247933884297,49.30013223140496,49.30013223140496
921,Peat Database,49.109,-68.2397,2012,QC,bog,100,N,222.5,200,100,222.20000000000002,0.043155,51.61375,51.61375
922,Peat Database,49.109,-68.2397,2012,QC,bog,100,N,250,200,100,250.1,0.04848,51.6054,51.6054
923,Peat Database,49.098,-68.222,2009,QC,bog,575,N,3210.7,575,575,3210.7,0.10803304347826087,51.70351304347826,51.70351304347826
924,Peat Database,49.0964,-68.2434,2012,QC,bog,100,N,253.9,200,100,254.20000000000002,0.049205,51.59785,51.59785
925,Peat Database,49.0964,-68.2434,2012,QC,bog,100,N,216.1,200,100,215.20000000000002,0.042065,51.41155,51.41155
926,Peat Database,49.0964,-68.2434,2012,QC,bog,100,N,287.6,200,100,287.1,0.055985,51.40245,51.40245
927,Peat Database,49.097,-68.25,2009,QC,bog,462,N,2695.4,462,462,2695.6,0.11414718614718615,51.400238095238095,51.400238095238095
928,Peat Database,49.0968,-68.243,2012,QC,bog,452.8,N,3474.8,377,456.6,3508.3,0.15548275862068967,51.04912466843501,51.04912466843501
929,Peat Database,49.0935,-68.2463,2010,QC,bog,98,N,280.6,98,98,280.6,0.055775510204081634,51.40704081632653,51.40704081632653
930,Peat Database,49.1176,-68.2931,2012,QC,bog,100,N,272.7,200,100,273,0.054405,50.09965,50.09965
931,Peat Database,49.1176,-68.2931,2012,QC,bog,100,N,225.2,200,100,225.20000000000002,0.043635,51.60075,51.60075
932,Peat Database,49.1176,-68.2931,2012,QC,bog,100,N,290.5,200,100,291.1,0.05635,51.5592,51.5592
933,Peat Database,49.118,-68.305,2010,QC,bog,587,N,2891.4,588,588,2898,0.09650510204081633,51.52772108843537,51.52772108843537
934,Peat Database,49.121,-68.299,2010,QC,bog,498,N,1001.6,296,498,1001.8,0.06648813559322034,50.88505084745763,50.88505084745763
935,Peat Database,49.121,-68.299,2010,QC,bog,528,N,1184.2,355,530,1196.6,0.06955649717514124,51.157598870056496,51.157598870056496
936,Peat Database,49.121,-68.299,2010,QC,bog,519,N,1436.3,519,519,1434.2,0.05358766859344894,51.704007707129094,51.704007707129094
937,Peat Database,50.2741,-63.5419,2011,QC,bog,364,N,1526.9,464,364,1533.2,0.08814655172413793,48.68217672413793,48.68217672413793
938,Peat Database,50.2741,-63.5419,2012,QC,bog,75,N,224,150,75,224.1,0.05921333333333333,50.308933333333336,50.308933333333336
939,Peat Database,50.2741,-63.5419,2012,QC,bog,75,N,257.7,150,75,258.5,0.06669333333333333,51.51873333333334,51.51873333333334
940,Peat Database,50.2741,-63.5419,2012,QC,bog,75,N,337,148,75,337.2,0.08791891891891891,51.22918918918919,51.22918918918919
941,Peat Database,50.275,-63.538,2009,QC,bog,357,N,1722.7,357,357,1723,0.09363865546218487,51.583417366946776,51.583417366946776
942,Peat Database,50.2642,-63.6693,2012,QC,bog,80,N,337.2,158,80,337.2,0.08489873417721519,50.022974683544305,50.022974683544305
943,Peat Database,50.2642,-63.6693,2012,QC,bog,75,N,307.5,150,75,307.2,0.07991333333333334,51.233066666666666,51.233066666666666
944,Peat Database,50.2642,-63.6693,2012,QC,bog,75,N,210.8,150,75,211.4,0.05612,50.1748,50.1748
945,Peat Database,50.2642,-63.6693,2012,QC,bog,50,N,185.5,99,50,185.7,0.07458585858585859,49.48585858585859,49.48585858585859
946,Peat Database,50.263,-63.668,2009,QC,bog,280,N,1518.1,286,286,1548,0.11344055944055945,50.36888111888112,50.36888111888112
947,Peat Database,50.26,-63.662,2009,QC,bog,259,N,1582.8,259,259,1583.4,0.12076833976833977,50.92949806949807,50.92949806949807
948,Peat Database,50.2814,-63.682,2012,QC,bog,80,N,355.8,160,80,356,0.08838125,50.4325,50.4325
949,Peat Database,50.2814,-63.682,2012,QC,bog,75,N,270.4,150,75,270.4,0.07047333333333333,51.17366666666667,51.17366666666667
950,Peat Database,50.2814,-63.682,2012,QC,bog,75,N,316.7,143,75,317.1,0.08627972027972028,50.53405594405594,50.53405594405594
951,Peat Database,50.2814,-63.682,2012,QC,bog,75,N,279,148,75,279.1,0.07322297297297298,50.94858108108108,50.94858108108108
952,Peat Database,50.295,-63.715,2009,QC,bog,180,N,1181,180,180,1180.9,0.12759444444444445,51.45894444444445,51.45894444444445
953,Peat Database,50.295,-63.715,2009,QC,bog,262,N,1649.4,262,262,1649.6,0.12506106870229008,50.929809160305346,50.929809160305346
954,Peat Database,50.298,-63.691,2010,QC,bog,180,N,795.4,189,189,833.9,0.11530158730158731,49.238042328042326,49.238042328042326
955,Peat Database,50.298,-63.691,2010,QC,bog,191,N,520.1,123,197,553.6,0.1317622950819672,46.48,46.48
956,Peat Database,50.298,-63.691,2010,QC,bog,119,N,350.5,70,119,350.6,0.10250724637681159,50.1763768115942,50.1763768115942
957,Peat Database,50.298,-63.691,2010,QC,bog,228,N,1005.7,227,228,1025.9,0.10091629955947136,50.31400881057269,50.31400881057269
958,Peat Database,50.225,-63.6087,2012,QC,bog,622.6,N,4293.5,510,624.1,4304.2,0.1398705882352941,50.83090196078432,50.83090196078432
959,Peat Database,51.7591,-56.4146,2013,NL,bog,50,Y,306.1,100,50,305.8,0.12098,50.1887,50.1887
960,Peat Database,51.7591,-56.4146,2013,NL,bog,47,Y,140.1,93,47,140,0.06141935483870968,48.44247311827957,48.44247311827957
961,Peat Database,51.4783,-57.1913,2013,QC,bog,50,Y,200.7,100,50,200.9,0.07815,51.4388,51.4388
962,Peat Database,51.4783,-57.1913,2013,QC,bog,40,Y,192,80,40,192,0.0942375,51.06125,51.06125
963,Peat Database,51.4783,-57.1913,2013,QC,bog,40,Y,169.5,77,40,169.1,0.08044155844155844,51.61545454545455,51.61545454545455
964,Peat Database,51.4897,-57.1939,2013,QC,bog,50,Y,190.9,99,50,190.7,0.0767878787878788,49.89040404040404,49.89040404040404
965,Peat Database,51.4897,-57.1939,2013,QC,bog,50,Y,320.3,93,50,320.2,0.12788172043010754,49.78720430107527,49.78720430107527
966,Peat Database,45.411,-75.519,2011,ON,bog,92,N,271.3,92,92,271.3,0.058293478260869565,50.75032608695652,50.75032608695652
967,Peat Database,45.684,-74.041,2010,QC,bog,62,N,240.1,62,62,240.2,0.07659677419354839,50.498387096774195,50.498387096774195
968,Peat Database,53.65,-77.73,2013,QC,bog,416.2,N,2701.1,318,416.2,2701.2,0.13045911949685535,50.628553459119495,50.628553459119495
969,Peat Database,46.546,-72.652,2015,QC,bog,340,N,2430.2,97,342,2462.2999999999997,0.2982577319587629,48.42742268041237,48.42742268041237
970,Peat Database,46.546,-72.652,2015,QC,bog,211,N,911.2,101,220,958.3,0.1540990099009901,46.64306930693069,46.64306930693069
971,Peat Database,46.546,-72.652,2015,QC,fen,159,N,725.4,101,161,734.7,0.12317821782178218,47.993465346534656,47.993465346534656
972,Peat Database,46.546,-72.652,2015,QC,fen,185,N,777.8,101,191,790.8,0.15328712871287128,44.681287128712874,44.681287128712874
973,Peat Database,46.546,-72.652,2015,QC,fen,107,N,476.5,75,116,512.8,0.21276,41.601733333333335,41.601733333333335
974,Peat Database,47.7848,-64.8654,1977,NB,bog,720,N,3448.3,11,720,3448.5,0.097,48.20454545454545,48.20454545454545
975,Peat Database,47.4194,-64.9264,1977,NB,bog,720,N,3364,10,720,3364.1,0.0966,48.045,48.045
976,Peat Database,47.3093,-64.9971,1977,NB,bog,710,N,3384.5,7,710,3384.5,0.0992857142857143,48.410000000000004,48.410000000000004
977,Peat Database,47.7257,-64.8375,1977,NB,bog,630,N,3014,8,630,3013.9,0.098,48.67375,48.67375
978,Peat Database,47.548,-64.93,1977,NB,bog,690,N,3240,8,690,3240,0.09825,48.16875,48.16875
979,Peat Database,47.7383,-65.0543,1977,NB,bog,610,N,2923,7,610,2922.9,0.09471428571428572,48.33571428571429,48.33571428571429
980,Peat Database,47.8052,-65.1522,1977,NB,bog,570,N,2678.9,11,570,2679,0.09881818181818182,48.27818181818182,48.27818181818182
981,Peat Database,47.8341,-64.682,1977,NB,bog,520,N,2375.1,7,520,2375.2,0.09471428571428572,48.06428571428572,48.06428571428572
982,Peat Database,47.8324,-64.6447,1977,NB,bog,430,N,2031.8,6,430,2031.8999999999999,0.09366666666666668,48,48
983,Peat Database,48.0056,-64.5048,1977,NB,bog,780,N,3731.1,8,780,3731.1000000000004,0.09825,48.05625,48.05625
984,Peat Database,47.9708,-64.5164,1977,NB,bog,750,N,3517.2,13,750,3517.2,0.09592307692307693,48,48
985,Peat Database,47.8825,-64.6392,1977,NB,bog,450,N,2089.2,7,450,2089.3,0.09614285714285714,48.28142857142857,48.28142857142857
986,Peat Database,47.7469,-64.6213,1977,NB,bog,850,N,4072,9,850,4072,0.09855555555555556,48.1,48.1
987,Peat Database,47.7577,-64.6684,1977,NB,bog,640,N,2987,8,640,2987.2000000000003,0.0955,48.05625,48.05625
988,Peat Database,47.7739,-64.6399,1977,NB,NA,540,N,2513.2,11,540,2513.2,0.095,48.04090909090909,48.04090909090909
989,Peat Database,47.7811,-64.6078,1977,NB,bog,460,N,2184,5,460,2184.1,0.0942,48.394,48.394
990,Peat Database,47.7847,-64.9477,1977,NB,bog,270,N,1191.4,4,270,1191.5,0.09,48.6125,48.6125
991,Peat Database,47.7661,-64.9522,1977,NB,bog,600,N,2871.3,9,600,2871.3,0.09944444444444445,48.70666666666666,48.70666666666666
992,Peat Database,47.8228,-64.7809,1977,NB,bog,440,N,2069.1,8,440,2069.2,0.09675,48.4275,48.4275
993,Peat Database,47.7119,-65.2696,1977,NB,bog,540,N,2618.6,9,540,2618.6000000000004,0.09944444444444445,48.87888888888889,48.87888888888889
994,Peat Database,47.7343,-65.2269,1977,NB,bog,450,N,2116.9,9,450,2116.8,0.09722222222222222,48.10777777777778,48.10777777777778
995,Peat Database,47.7086,-65.2254,1977,NB,bog,851,N,4124.1,15,851,4124.2,0.10073333333333334,48.72533333333333,48.72533333333333
996,Peat Database,47.7392,-64.9994,1977,NB,bog,490,N,2279.8,8,490,2279.8,0.0955,48.625,48.625
997,Peat Database,47.5386,-64.8999,1977,NB,bog,290,N,1291.6,6,290,1291.6,0.09366666666666668,47.666666666666664,47.666666666666664
998,Peat Database,47.5303,-64.9046,1977,NB,bog,300,N,1337.2,6,300,1337.3,0.10116666666666667,45.526666666666664,45.526666666666664
999,Peat Database,47.4892,-64.8997,1977,NB,bog,538,N,2486.3,9,538,2486.3,0.09611111111111112,47.888888888888886,47.888888888888886
1000,Peat Database,47.3727,-65.0386,1977,NB,bog,505,N,2344.9,10,505,2344.8,0.0966,48.1,48.1
1001,Peat Database,47.8441,-64.5246,1977,NB,bog,290,N,1310,6,290,1310,0.09366666666666668,48,48
1002,Peat Database,47.4266,-64.909,1977,NB,bog,830,N,3979,11,830,3978.9,0.09590909090909092,48.22,48.22
1003,Peat Database,47.2916,-64.9972,1977,NB,bog,530,N,2536.1,7,530,2536.1,0.09785714285714286,48.207142857142856,48.207142857142856
1004,Peat Database,47.2733,-65.0436,1977,NB,bog,620,N,2939.4,9,620,2939.4,0.09722222222222222,48.602222222222224,48.602222222222224
1005,Peat Database,47.7184,-64.6927,1977,NB,bog,640,N,3051.9,10,640,3052,0.0954,48.242,48.242
1006,Peat Database,47.7383,-64.7523,1977,NB,bog,280,N,1243.5,6,280,1243.6,0.0975,45.60166666666667,45.60166666666667
1007,Peat Database,47.6014,-64.9308,1977,NB,bog,800,N,3838.1,11,800,3838.2,0.09881818181818182,48.35818181818182,48.35818181818182
1008,Peat Database,47.5943,-64.8508,1977,NB,bog,260,N,1208.1,4,260,1208.2,0.0955,48.1125,48.1125
1009,Peat Database,47.7266,-65.1686,1977,NB,bog,460,N,2175.6,6,460,2175.5,0.09733333333333334,48,48
1010,Peat Database,47.7334,-65.335,1977,NB,bog,740,N,3625.6,8,740,3625.8,0.11075,45.2175,45.2175
1011,Peat Database,47.7185,-65.2873,1977,NB,bog,710,N,3497.9,9,710,3498,0.10188888888888889,48.76777777777778,48.76777777777778
1012,Peat Database,47.8225,-65.0402,1977,NB,bog,640,N,2999.4,10,640,2999.6,0.0966,48.09,48.09
1013,Peat Database,47.7625,-65.1364,1977,NB,bog,260,N,1119.1,5,260,1119.1,0.0878,48.2,48.2
1014,Peat Database,47.8585,-64.5599,1977,NB,bog,760,N,3631.2,8,760,3631.1,0.09825,47.93125,47.93125
1015,Peat Database,47.857,-64.5237,1977,NB,bog,430,N,2035.3,6,430,2035.3,0.09733333333333334,48.075,48.075
1016,Peat Database,47.818,-64.5537,1977,NB,bog,360,N,1628,5,360,1628.1,0.0922,48,48
1017,Peat Database,47.7898,-64.5942,1977,NB,bog,750,N,3543.1,8,750,3543.2,0.0955,48.16875,48.16875
1018,Peat Database,47.2583,-65.4418,1978,NB,bog,360,N,1649.5,7,360,1649.5,0.093,48.28142857142857,48.28142857142857
1019,Peat Database,47.2954,-65.5073,1978,NB,bog,350,N,1619.1,7,350,1619.1,0.093,48.28142857142857,48.28142857142857
1020,Peat Database,47.5924,-65.3446,1978,NB,bog,450,N,2103.1,10,450,2103.1,0.0954,48.197,48.197
1021,Peat Database,47.1446,-65.5722,1978,NB,bog,510,N,2440.1,11,510,2439.9,0.09681818181818182,48.35818181818182,48.35818181818182
1022,Peat Database,47.503,-65.4919,1978,NB,bog,290,N,1338.6,7,290,1338.6,0.093,48.28142857142857,48.28142857142857
1023,Peat Database,47.6377,-65.341,1978,NB,bog,430,N,2013.4,8,430,2013.4,0.094,48.24625,48.24625
1024,Peat Database,47.2091,-65.6994,1978,NB,bog,500,N,2341.9,10,500,2341.9,0.0954,48.197,48.197
1025,Peat Database,47.062,-65.561,1978,NB,bog,440,N,2083.7,9,440,2083.8,0.097,48.656666666666666,48.656666666666666
1026,Peat Database,47.1457,-65.5975,1978,NB,bog,460,N,2148.2,9,460,2148.1,0.09477777777777778,48.21888888888889,48.21888888888889
1027,Peat Database,46.3066,-65.2633,1979,NB,fen,250,N,1147.1,6,250,1147.1,0.08616666666666667,51.651666666666664,51.651666666666664
1028,Peat Database,46.2934,-65.2119,1979,NB,bog,680,N,2145.2,13,680,2145.3,0.06484615384615385,48.151538461538465,48.151538461538465
1029,Peat Database,46.2919,-65.1555,1979,NB,bog,500,N,1989.5,11,600,1989.4,0.07272727272727272,48.17909090909091,48.17909090909091
1030,Peat Database,46.3167,-65.1356,1979,NB,bog,360,N,1162.9,8,360,1162.8,0.0695,48.24625,48.24625
1031,Peat Database,46.2306,-65.0347,1979,NB,bog,540,N,2127,13,540,2126.9,0.08376923076923076,48.606153846153845,48.606153846153845
1032,Peat Database,46.2762,-64.9792,1979,NB,bog,580,N,1589,12,580,1589,0.06183333333333333,46.9275,46.9275
1033,Peat Database,46.2128,-64.9768,1979,NB,bog,570,N,2016.4,12,570,2016.4,0.07541666666666666,48.32833333333333,48.32833333333333
1034,Peat Database,45.9111,-64.2833,1979,NB,bog,280,N,609.6,7,280,609.5,0.04971428571428571,48,48
1035,Peat Database,45.9611,-64.3026,1979,NB,bog,290,N,718,6,290,717.9,0.05633333333333333,48.656666666666666,48.656666666666666
1036,Peat Database,46.3584,-65.7541,1979,NB,bog,400,N,1501.5,9,400,1501.5,0.07200000000000001,48.437777777777775,48.437777777777775
1037,Peat Database,46.4274,-65.7189,1979,NB,bog,360,N,1365,8,360,1365,0.074,48.269999999999996,48.269999999999996
1038,Peat Database,46.4333,-65.7817,1979,NB,bog,440,N,1843.1,9,440,1843.1,0.08833333333333333,48.437777777777775,48.437777777777775
1039,Peat Database,46.6533,-64.9155,1979,NB,bog,760,N,2561.7,14,760,2561.7000000000003,0.07414285714285715,48.14071428571429,48.14071428571429
1040,Peat Database,46.677,-64.9491,1979,NB,bog,420,N,1633.8,6,420,1633.7,0.08233333333333333,48.32833333333333,48.32833333333333
1041,Peat Database,46.9019,-65.0574,1979,NB,bog,560,N,2012.4,9,560,2012.4,0.077,48.26888888888889,48.26888888888889
1042,Peat Database,46.899,-65.7044,1979,NB,bog,510,N,2156.2,11,510,2156.2,0.08745454545454545,48.71636363636364,48.71636363636364
1043,Peat Database,46.8053,-65.4817,1979,NB,bog,400,N,1284.9,8,400,1284.8999999999999,0.068125,48.24625,48.24625
1044,Peat Database,46.8657,-65.3389,1979,NB,bog,600,N,2691.6,12,600,2691.5,0.08775,48.4925,48.4925
1045,Peat Database,46.8843,-65.4326,1979,NB,bog,380,N,1240.3,9,380,1240.4,0.077,48,48
1046,Peat Database,46.9565,-65.4696,1979,NB,bog,410,N,1497.9,10,410,1497.7,0.0721,48.197,48.197
1047,Peat Database,46.9511,-65.1638,1979,NB,bog,750,N,2465.1,17,750,2465.2,0.06841176470588235,48.231764705882355,48.231764705882355
1048,Peat Database,46.1547,-64.4606,1979,NB,bog,540,N,2542.5,11,540,2542.5,0.09527272727272727,48.53727272727273,48.53727272727273
1049,Peat Database,46.1383,-64.5448,1979,NB,bog,660,N,4437.5,13,660,4437.6,0.144,48.45461538461539,48.45461538461539
1050,Peat Database,46.1864,-64.4556,1979,NB,bog,740,N,2602.5,15,740,2602.4,0.0758,48.394,48.394
1051,Peat Database,46.7778,-65.6947,1979,NB,bog,620,N,2998.5,14,620,2998.3,0.10235714285714285,47.502857142857145,47.502857142857145
1052,Peat Database,46.693,-65.4299,1979,NB,bog,620,N,2191.8,12,620,2191.8,0.07391666666666667,48.32833333333333,48.32833333333333
1053,Peat Database,46.6875,-65.1856,1979,NB,bog,460,N,1685,11,460,1685,0.07790909090909091,48.17909090909091,48.17909090909091
1054,Peat Database,46.6671,-65.6488,1979,NB,bog,390,N,1700.1,10,390,1700.1,0.088,48.394,48.394
1055,Peat Database,46.9821,-65.0507,1979,NB,bog,600,N,1692.2,12,600,1692.3,0.05975,48.32833333333333,48.32833333333333
1056,Peat Database,47.0056,-65.0667,1979,NB,bog,250,N,760.3,6,250,760.4,0.06966666666666667,48,48
1057,Peat Database,46.9529,-65.0341,1979,NB,bog,300,N,1000.8,7,300,1000.8,0.061285714285714284,48,48
1058,Peat Database,46.9446,-64.9939,1979,NB,bog,530,N,1729.2,11,530,1729.3,0.06609090909090909,48.17909090909091,48.17909090909091
1059,Peat Database,46.9634,-64.8827,1979,NB,bog,800,N,2440.3,16,800,2440.4,0.06125,48.369375,48.369375
1060,Peat Database,47.0214,-64.8632,1979,NB,bog,490,N,1746.2,10,490,1746.2,0.0795,48.197,48.197
1061,Peat Database,47.1403,-65.2912,1979,NB,bog,400,N,945.1,9,400,945.1,0.052333333333333336,48,48
1062,Peat Database,47.171,-65.179,1979,NB,bog,640,N,1239.6,13,640,1239.6,0.04138461538461539,48.151538461538465,48.151538461538465
1063,Peat Database,47.0344,-65.0948,1979,NB,bog,630,N,1928.4,12,630,1928.4,0.0635,48.16416666666667,48.16416666666667
1064,Peat Database,47.036,-65.0545,1979,NB,bog,470,N,1460.1,8,470,1460.1,0.062375,48,48
1065,Peat Database,46.251,-65.4705,1980,NB,bog,640,N,2575.4,15,650,2581.9,0.10439999999999999,43.86066666666667,43.86066666666667
1066,Peat Database,46.306,-67.6967,1980,NB,bog,394,N,1135.3,13,538,2047.6,0.07976923076923077,43.19692307692308,43.19692307692308
1067,Peat Database,46.9098,-66.9629,1980,NB,bog,600,N,1696.8,13,600,1696.8,0.06461538461538462,47.31307692307692,47.31307692307692
1068,Peat Database,45.8075,-67.0834,1980,NB,bog,800,N,2732,13,800,2732,0.089,43.58538461538461,43.58538461538461
1069,Peat Database,46.2392,-66.1076,1980,NB,bog,485,N,1997,9,485,1996.9,0.088,48.437777777777775,48.437777777777775
1070,Peat Database,46.2231,-65.5536,1980,NB,bog,415,N,1454.2,12,415,1454.2,0.07116666666666667,48.82083333333333,48.82083333333333
1071,Peat Database,46.2252,-66.1597,1980,NB,bog,620,N,2456.8,18,620,2456.9,0.089,48.985,48.985
1072,Peat Database,45.6946,-66.9467,1980,NB,bog,650,N,2262.7,13,650,2262.8,0.07661538461538461,48.45461538461539,48.45461538461539
1073,Peat Database,45.8915,-67.1193,1980,NB,bog,718,N,1922.4,17,750,1984.7,0.09341176470588236,44.4635294117647,44.4635294117647
1074,Peat Database,46.2818,-66.0451,1980,NB,bog,400,N,1530.6,15,400,1530.7,0.09253333333333333,48.06133333333333,48.06133333333333
1075,Peat Database,45.8014,-67.0698,1980,NB,bog,700,N,1910.3,12,700,1910.3,0.058916666666666666,45.855,45.855
1076,Peat Database,46.1157,-65.3408,1980,NB,bog,540,N,1889.7,15,540,1889.6,0.0758,48.919333333333334,48.919333333333334
1077,Peat Database,45.7696,-67.1212,1980,NB,bog,600,N,2163.3,14,600,2163.5,0.08685714285714285,45.752857142857145,45.752857142857145
1078,Peat Database,46.1868,-65.0449,1980,NB,bog,710,N,2123,14,710,2123,0.06557142857142857,47.36214285714286,47.36214285714286
1079,Peat Database,46.564,-65.56,1980,NB,NA,520,N,2006.3,10,520,2006.4,0.076,48.394,48.394
1080,Peat Database,46.2306,-65.5205,1980,NB,bog,700,N,1497.9,14,700,1497.8,0.05192857142857143,47.394285714285715,47.394285714285715
1081,Peat Database,46.1367,-66.2268,1980,NB,bog,550,N,2076.4,13,550,2076.4,0.07861538461538461,49.21230769230769,49.21230769230769
1082,Peat Database,46.3123,-66.2236,1980,NB,bog,400,N,1720.9,9,400,1720.9,0.0961111111111111,48.87555555555556,48.87555555555556
1083,Peat Database,46.2579,-66.2947,1980,NB,bog,520,N,1854.4,10,520,1854.3999999999999,0.0747,48.394,48.394
1084,Peat Database,45.4801,-67.3303,1980,NB,bog,693,N,2280.2,14,700,2289.4,0.09228571428571428,44.06214285714286,44.06214285714286
1085,Peat Database,45.4336,-67.3688,1980,NB,bog,500,N,1599.6,11,500,1599.6000000000001,0.07036363636363636,45.66,45.66
1086,Peat Database,45.6438,-66.9817,1980,NB,bog,810,N,2747.2,19,850,2837.1,0.10157894736842105,44.52473684210526,44.52473684210526
1087,Peat Database,45.7563,-67.0123,1980,NB,bog,598,N,1521.7,13,598,1521.7,0.05853846153846154,46.019999999999996,46.019999999999996
1088,Peat Database,46.4122,-66.9726,1980,NB,bog,450,N,1819.7,12,450,1819.5,0.08025,48.32833333333333,48.32833333333333
1089,Peat Database,45.9611,-67.6368,1980,NB,bog,700,N,2775,21,700,2775,0.08395238095238096,44.93571428571428,44.93571428571428
1090,Peat Database,45.8914,-67.6477,1980,NB,bog,550,N,2084.3,14,550,2084.2,0.08278571428571428,47.925,47.925
1091,Peat Database,45.878,-67.6394,1980,NB,bog,520,N,1947.8,16,520,1947.8,0.078125,46.6375,46.6375
1092,Peat Database,46.0367,-66.3309,1980,NB,bog,160,N,283.7,5,160,283.6,0.0436,48.788,48.788
1093,Peat Database,46.0384,-66.3309,1980,NB,bog,435,N,1620,11,435,1620.1,0.07372727272727272,48.53727272727273,48.53727272727273
1094,Peat Database,46.0402,-66.3308,1980,NB,bog,450,N,1605.2,12,450,1605.1,0.07233333333333333,48.4925,48.4925
1095,Peat Database,46.0421,-66.3309,1980,NB,bog,260,N,581.6,6,260,581.6,0.049166666666666664,48.32833333333333,48.32833333333333
1096,Peat Database,46.0439,-66.3309,1980,NB,bog,170,N,359,5,170,359,0.0396,48,48
1097,Peat Database,46.3164,-65.9578,1980,NB,bog,370,N,1549.7,16,370,1549.8,0.0895,47.31875,47.31875
1098,Peat Database,46.1998,-65.355,1981,NB,bog,800,N,2580.7,16,800,2580.8,0.0724375,47.006875,47.006875
1099,Peat Database,46.1876,-66.1961,1981,NB,bog,580,N,2383.7,13,580,2383.5,0.13507692307692307,44.878461538461536,44.878461538461536
1100,Peat Database,45.1648,-66.6387,1981,NB,bog,450,N,1498.7,6,450,1498.6,0.07833333333333334,48.075,48.075
1101,Peat Database,45.1928,-66.2333,1981,NB,bog,350,N,1505.3,16,350,1505.3,0.096,47.565,47.565
1102,Peat Database,45.733,-66.7727,1981,NB,bog,330,N,1748.8,10,330,1748.8,0.23299999999999998,44.138999999999996,44.138999999999996
1103,Peat Database,45.7799,-67.3561,1981,NB,bog,590,N,1536.2,11,600,1558.7,0.12227272727272727,40.11090909090909,40.11090909090909
1104,Peat Database,46.1706,-66.481,1981,NB,bog,610,N,3072.7,17,610,3072.6,0.09582352941176471,51.6135294117647,51.6135294117647
1105,Peat Database,46.486,-65.9705,1981,NB,bog,280,N,1359.5,11,280,1359.4,0.0940909090909091,51.38272727272727,51.38272727272727
1106,Peat Database,45.9943,-67.0945,1981,NB,bog,390,N,1969.6,14,390,1969.5,0.11321428571428571,50.655,50.655
1107,Peat Database,45.9799,-67.0879,1981,NB,bog,500,N,2543.4,13,500,2543.4,0.10507692307692308,49.47692307692308,49.47692307692308
1108,Peat Database,46.0652,-66.3564,1981,NB,bog,580,N,2964.5,17,580,2964.4,0.10547058823529412,51.128235294117644,51.128235294117644
1109,Peat Database,46.1845,-66.4129,1981,NB,fen,500,N,2535.3,11,500,2535.2999999999997,0.097,51.63545454545454,51.63545454545454
1110,Peat Database,45.7087,-67.6841,1981,NB,bog,550,N,2441,19,550,2441,0.08794736842105264,50.36736842105263,50.36736842105263
1111,Peat Database,46.163,-66.2578,1981,NB,bog,500,N,2700.9,13,500,2700.9,0.0966923076923077,56.69230769230769,56.69230769230769
1112,Peat Database,46.2007,-65.3833,1981,NB,fen,440,N,1277,12,440,1277.1,0.085,45.25083333333333,45.25083333333333
1113,Peat Database,46.2011,-66.4183,1981,NB,bog,370,N,1554.1,10,370,1553.9,0.08310000000000001,51.511,51.511
1114,Peat Database,46.0553,-66.4252,1981,NB,bog,400,N,1758,13,400,1758.1,0.08838461538461538,49.74384615384616,49.74384615384616
1115,Peat Database,45.7738,-66.6024,1981,NB,bog,370,N,1675.9,13,370,1676,0.08823076923076922,54.53846153846154,54.53846153846154
1116,Peat Database,46.2214,-65.4039,1981,NB,bog,540,N,2790.2,14,530,2790.1,0.10214285714285715,50.23857142857143,50.23857142857143
1117,Peat Database,46.3438,-65.9549,1980,NB,bog,390,N,1539.3,14,390,1539.3,0.07564285714285714,52.33571428571429,52.33571428571429
1118,Peat Database,46.1835,-65.3246,1980,NB,fen,400,N,1335.9,9,400,1336.1,0.07322222222222222,48.153333333333336,48.153333333333336
1119,Peat Database,46.2599,-66.0519,1980,NB,bog,300,N,1546.7,7,300,1546.6,0.08928571428571429,51.43857142857143,51.43857142857143
1120,Peat Database,46.2438,-66.0532,1980,NB,bog,420,N,1866.9,15,420,1866.9,0.08513333333333334,51.589333333333336,51.589333333333336
1121,Peat Database,46.3001,-66.1591,1980,NB,bog,420,N,1703.8,8,420,1703.6000000000001,0.081875,51.50875,51.50875
1122,Peat Database,45.2918,-67.4412,1980,NB,bog,540,N,1966.3,8,540,1966.3,0.084625,50.58125,50.58125
1123,Peat Database,45.7174,-67.1113,1980,NB,bog,550,N,2138,10,550,2138.1,0.0798,50.11,50.11
1124,Peat Database,45.5257,-67.1971,1980,NB,bog,400,N,1687.1,10,400,1687.1,0.0887,49.938,49.938
1125,Peat Database,45.6681,-67.2515,1980,NB,bog,670,N,1544.9,17,670,1545.1,0.05664705882352941,44.52,44.52
1126,Peat Database,45.5129,-67.2619,1980,NB,bog,420,N,1734.5,8,420,1734.4,0.09225,47.613749999999996,47.613749999999996
1127,Peat Database,45.5197,-67.3757,1980,NB,bog,690,N,2297.5,12,690,2297.4,0.07058333333333333,50.740833333333335,50.740833333333335
1128,Peat Database,45.9891,-67.618,1980,NB,bog,280,N,1256.9,12,280,1257,0.09816666666666667,46.12833333333333,46.12833333333333
1129,Peat Database,45.9765,-67.6566,1980,NB,bog,520,N,2101.2,10,520,2101.2,0.0971,45.143,45.143
1130,Peat Database,45.8755,-67.6086,1980,NB,swamp,240,N,1327.4,7,240,1327.3999999999999,0.09714285714285714,50.55571428571429,50.55571428571429
1131,Peat Database,45.9137,-67.7406,1980,NB,bog,460,N,1759.5,18,460,1759.5,0.07633333333333334,50.909444444444446,50.909444444444446
1132,Peat Database,45.8708,-67.1209,1980,NB,bog,470,N,1915.3,9,470,1915.2,0.074,51.394444444444446,51.394444444444446
1133,Peat Database,45.8542,-67.134,1980,NB,bog,440,N,1827.5,10,440,1827.4,0.0787,53.12,53.12
1134,Peat Database,45.7791,-67.1158,1980,NB,bog,420,N,1527.6,8,420,1527.7,0.077,52.5375,52.5375
1135,Peat Database,45.7767,-66.979,1980,NB,bog,440,N,1925.7,12,440,1925.8,0.08091666666666666,54.0825,54.0825
1136,Peat Database,46.1318,-67.4803,1980,NB,bog,250,N,1128.3,9,250,1128.3,0.085,51.22,51.22
1137,Peat Database,46.0879,-67.4754,1980,NB,bog,340,N,1403.9,13,340,1403.9,0.07653846153846154,51.23307692307692,51.23307692307692
1138,Peat Database,46.8113,-65.4836,1979,NB,bog,260,N,1206.9,6,260,1206.8,0.09916666666666667,47.45,47.45
1139,Peat Database,46.778,-65.6136,1979,NB,bog,370,N,1836.2,8,370,1836.3,0.0965,50.24125,50.24125
1140,Peat Database,46.785,-65.624,1979,NB,bog,320,N,1586.7,8,320,1586.8,0.095625,50.64,50.64
1141,Peat Database,46.7288,-65.6355,1979,NB,NA,200,N,954.9,5,200,955,0.0878,51.292,51.292
1142,Peat Database,46.7263,-65.5767,1979,NB,bog,310,N,1498.9,9,350,1702.3,0.1398888888888889,44.48777777777778,44.48777777777778
1143,Peat Database,46.7059,-65.5927,1979,NB,bog,310,N,1603.3,7,310,1603.3,0.11785714285714285,47.614285714285714,47.614285714285714
1144,Peat Database,46.7058,-65.6079,1979,NB,bog,300,N,1459.3,7,300,1459.3,0.09442857142857143,51.09571428571429,51.09571428571429
1145,Peat Database,46.6976,-65.4053,1979,NB,bog,330,N,1609.8,7,330,1610,0.098,49.32,49.32
1146,Peat Database,46.667,-65.5714,1979,NB,fen,290,N,1461.1,7,290,1461.2,0.10114285714285715,49.285714285714285,49.285714285714285
1147,Peat Database,46.6524,-65.5471,1979,NB,NA,350,N,1717.2,8,350,1717.2,0.09525,50.175,50.175
1148,Peat Database,46.6582,-65.4687,1979,NB,bog,350,N,1686.7,9,350,1686.8,0.10122222222222223,46.55555555555556,46.55555555555556
1149,Peat Database,46.5755,-65.526,1979,NB,bog,200,N,912.5,5,200,912.4,0.0878,50.886,50.886
1150,Peat Database,46.5357,-65.5276,1979,NB,fen,380,N,2204,9,380,2204,0.11655555555555555,49.333333333333336,49.333333333333336
1151,Peat Database,46.5289,-65.5104,1979,NB,bog,390,N,1925.8,9,390,1925.8999999999999,0.09977777777777778,49.37,49.37
1152,Peat Database,46.4983,-65.5739,1979,NB,bog,420,N,2210.2,9,420,2210.4,0.097,51.41111111111111,51.41111111111111
1153,Peat Database,46.488,-65.6455,1979,NB,bog,320,N,1542.2,7,320,1542.2,0.09442857142857143,50.222857142857144,50.222857142857144
1154,Peat Database,46.4649,-65.6831,1979,NB,bog,340,N,1794.1,8,340,1794.2,0.122625,45.885,45.885
1155,Peat Database,46.6071,-65.2734,1979,NB,bog,280,N,1382,7,280,1381.9,0.098,50.13428571428572,50.13428571428572
1156,Peat Database,46.3197,-65.2771,1979,NB,bog,270,N,1313.8,7,270,1313.9,0.098,50.08857142857143,50.08857142857143
1157,Peat Database,46.309,-65.126,1979,NB,bog,370,N,1835.3,8,370,1835.2,0.099625,49.21,49.21
1158,Peat Database,46.2069,-65.0386,1979,NB,bog,460,N,2475.9,9,460,2475.9,0.097,52.888888888888886,52.888888888888886
1159,Peat Database,46.1725,-65.0085,1979,NB,bog,430,N,2174.9,10,430,2174.9,0.1138,48.138999999999996,48.138999999999996
1160,Peat Database,46.139,-64.6999,1979,NB,bog,430,N,2183.5,10,430,2183.6,0.1173,47.952,47.952
1161,Peat Database,46.1423,-64.6936,1979,NB,fen,300,N,1619.6,6,300,1619.5,0.16983333333333334,38.376666666666665,38.376666666666665
1162,Peat Database,46.136,-64.5514,1979,NB,bog,360,N,1793.6,8,360,1793.6000000000001,0.103375,47.802499999999995,47.802499999999995
1163,Peat Database,46.197,-64.4618,1979,NB,bog,310,N,1416.6,6,310,1416.6000000000001,0.10283333333333333,46.221666666666664,46.221666666666664
1164,Peat Database,46.1818,-65.0496,1979,NB,fen,400,N,2050.8,9,400,2050.8,0.10277777777777777,48.78888888888889,48.78888888888889
1165,Peat Database,46.631100000000004,-65.5684,1979,NB,bog,340,N,1651.4,8,340,1651.3,0.09525,50.62125,50.62125
1166,Peat Database,46.6474,-65.5634,1979,NB,bog,380,N,1861,7,380,1860.9,0.098,49.401428571428575,49.401428571428575
1167,Peat Database,46.6433,-65.5044,1979,NB,bog,230,N,1059.7,5,230,1059.7,0.0898,50.08,50.08
1168,Peat Database,46.7627,-65.6851,1979,NB,bog,470,N,2424.6,9,470,2424.6,0.0958888888888889,51.455555555555556,51.455555555555556
1169,Peat Database,46.9775,-64.8561,1979,NB,bog,420,N,2071.6,9,420,2071.5,0.0958888888888889,50.64666666666667,50.64666666666667
1170,Peat Database,46.9752,-64.9594,1979,NB,bog,560,N,2820.6,10,560,2820.5,0.0954,51.431,51.431
1171,Peat Database,46.9969,-64.9621,1979,NB,bog,390,N,1906.2,8,390,1906.4,0.094,51.3125,51.3125
1172,Peat Database,47.3345,-65.626,1979,NB,bog,310,N,1534.5,8,310,1534.7,0.094,52.03125,52.03125
1173,Peat Database,47.3281,-65.6342,1979,NB,fen,280,N,1427.1,7,280,1427.1000000000001,0.09585714285714286,51.714285714285715,51.714285714285715
1174,Peat Database,46.9065,-65.4545,1978,NB,bog,300,N,1420.5,5,300,1420.6,0.0968,45.32,45.32
1175,Peat Database,46.9171,-65.434,1978,NB,bog,590,N,2986.9,10,590,2986.9,0.0988,52.38,52.38
1176,Peat Database,46.7869,-65.6931,1978,NB,fen,300,N,1548.4,6,300,1548.4,0.09166666666666667,53.78333333333333,53.78333333333333
1177,Peat Database,46.7813,-65.6848,1978,NB,bog,340,N,1786.9,8,340,1786.8,0.09125,52.5625,52.5625
1178,Peat Database,46.9044,-65.0811,1978,NB,bog,440,N,2149.9,8,440,2149.9,0.099625,48.625,48.625
1179,Peat Database,46.9976,-64.9349,1978,NB,bog,370,N,1803.4,8,370,1803.5,0.09275,51.2375,51.2375
1180,Peat Database,47.0121,-64.9207,1978,NB,bog,480,N,2393.8,9,480,2393.7999999999997,0.09366666666666668,51.82222222222222,51.82222222222222
1181,Peat Database,47.3539,-65.6363,1978,NB,bog,310,N,1452.4,8,310,1452.4,0.0965,48.75,48.75
1182,Peat Database,47.3598,-65.6032,1978,NB,bog,310,N,1477.5,6,310,1477.5,0.09166666666666667,50.166666666666664,50.166666666666664
1183,Peat Database,47.3018,-65.615,1978,NB,fen,200,N,1182.1,5,200,1182.1,0.127,48.62,48.62
1184,Peat Database,47.2915,-65.6002,1978,NB,fen,250,N,1241.2,6,250,1241.1,0.09333333333333334,50,50
1185,Peat Database,47.3169,-65.5936,1978,NB,bog,400,N,1951.5,8,400,1951.5,0.0955,50.0375,50.0375
1186,Peat Database,47.4337,-65.5121,1978,NB,bog,250,N,1126.9,9,250,1126.9,0.09377777777777778,45.47777777777778,45.47777777777778
1187,Peat Database,47.4345,-65.5128,1978,NB,bog,460,N,2251.8,12,460,2251.8,0.09633333333333334,49,49
1188,Peat Database,47.6306,-64.808,1978,NB,bog,470,N,2345.5,9,470,2345.6,0.10111111111111111,48.87777777777778,48.87777777777778
1189,Peat Database,47.8416,-64.5638,1978,NB,bog,620,N,2984.5,10,620,2984.3,0.09440000000000001,49.8,49.8
1190,Peat Database,47.3051,-65.0009,1977,NB,bog,190,N,1222.7,4,190,1222.7,0.12675,47.6475,47.6475
1191,Peat Database,47.2815,-65.0284,1977,NB,bog,440,N,2400.1,5,440,2400.1,0.117,48.258,48.258
1192,Peat Database,47.722,-64.7183,1977,NB,bog,240,N,1202.4,3,240,1202.4,0.09366666666666668,51.17333333333333,51.17333333333333
1193,Peat Database,47.6887,-64.8065,1977,NB,fen,110,N,471.5,2,110,471.5,0.079,54,54
1194,Peat Database,47.5937,-64.9225,1977,NB,bog,440,N,2380.2,6,440,2380.3,0.128,46.97,46.97
1195,Peat Database,47.5465,-64.9332,1977,NB,bog,300,N,1525.3,5,300,1525.4,0.0942,50.936,50.936
1196,Peat Database,47.741,-65.0546,1977,NB,bog,560,N,2900.1,5,560,2900.1,0.1008,50.794,50.794
1197,Peat Database,47.7387,-65.006,1977,NB,bog,320,N,1772.3,6,320,1772.3,0.10700000000000001,49.46,49.46
1198,Peat Database,47.729,-65.3417,1977,NB,bog,430,N,2216.4,4,430,2216.3,0.10075,51.0925,51.0925
1199,Peat Database,47.7351,-65.331,1977,NB,bog,380,N,2028,6,380,2027.9,0.10816666666666666,47.766666666666666,47.766666666666666
1200,Peat Database,47.7155,-65.2938,1977,NB,bog,540,N,2741.1,6,540,2741.1,0.11433333333333334,47.195,47.195
1201,Peat Database,47.7185,-65.3066,1977,NB,NA,220,N,1097.9,3,220,1097.8999999999999,0.10066666666666667,47.81666666666667,47.81666666666667
1202,Peat Database,47.8086,-65.1486,1977,NB,bog,460,N,2379.1,4,460,2379.1,0.098,53.5,53.5
1203,Peat Database,47.8204,-65.0622,1977,NB,bog,260,N,1211.2,3,260,1211.2,0.08966666666666667,49.64333333333334,49.64333333333334
1204,Peat Database,47.7879,-65.231,1977,NB,bog,330,N,1718.8,5,330,1718.8,0.1464,41.066,41.066
1205,Peat Database,47.749,-65.1861,1977,NB,bog,460,N,2334.3,6,460,2334.4,0.09533333333333334,50.88666666666667,50.88666666666667
1206,Peat Database,47.8616,-64.526,1977,NB,bog,340,N,1622.4,5,340,1622.6,0.0922,49.692,49.692
1207,Peat Database,48.0005,-64.5064,1977,NB,bog,510,N,2557.5,4,510,2557.5,0.10075,49.8375,49.8375
1208,Peat Database,47.996,-64.5253,1977,NB,bog,400,N,2004.7,4,400,2004.7,0.098,48.68,48.68
1209,Peat Database,47.9335,-64.5252,1977,NB,bog,630,N,3119.9,5,630,3119.8,0.0966,50.746,50.746
1210,Peat Database,47.9431,-64.5237,1977,NB,bog,450,N,2229.8,6,450,2229.8,0.09533333333333334,50.805,50.805
1211,Peat Database,47.9647,-64.4981,1977,NB,bog,500,N,2532.9,4,500,2532.9,0.0955,51.2875,51.2875
1212,Peat Database,47.751,-64.6256,1977,NB,NA,470,N,2355.1,6,470,2355.1,0.10083333333333333,50.135,50.135
1213,Peat Database,47.7582,-64.6068,1977,NB,bog,790,N,3983.5,8,790,3983.4,0.09825,50.26375,50.26375
1214,Peat Database,47.7636,-64.9518,1977,NB,bog,380,N,1869.1,5,380,1869,0.0942,51.098,51.098
1215,Peat Database,47.7819,-64.8722,1977,NB,bog,340,N,1714.6,4,340,1714.6000000000001,0.0955,51.565,51.565
1216,Peat Database,47.7832,-64.8225,1977,NB,bog,360,N,1874.4,5,360,1874.4,0.1334,46.034,46.034
1217,Peat Database,47.8153,-64.7876,1977,NB,NA,270,N,1430.8,3,270,1430.8,0.155,42.593333333333334,42.593333333333334
